1275,10C,664
87,10D,0
68,104,27
56,111,21
57,10B,48
58,10C,693
74,10D,0
55,104,27
57,111,21
56,110,5
57,10C,681
68,10D,0
57,104,27
55,111,21
58,10E,-2
55,10C,681
71,10D,0
54,104,27
57,111,21
55,10C,685
71,10D,0
54,104,26
57,111,21
56,10B,48
57,10C,684
69,10D,0
57,104,26
55,111,21
56,110,5
56,10C,691
70,10D,0
56,104,26
59,111,21
60,10E,-2
56,10C,688
69,10D,0
56,104,25
58,111,21
55,10C,690
70,10D,0
55,104,27
58,111,21
54,10B,47
59,10C,687
75,10D,0
54,104,27
57,111,21
55,110,5
61,10C,677
72,10D,0
57,104,27
55,111,21
64,10E,-2
55,10C,684
75,10D,0
56,104,27
57,111,21
57,10C,669
68,10D,0
57,104,27
55,111,21
56,10B,48
58,10C,682
67,10D,0
57,104,27
59,111,21
59,110,5
57,10C,680
68,10D,0
57,104,26
57,111,21
56,10E,-3
57,10C,688
68,10D,0
56,104,27
57,111,21
62,10C,677
69,10D,0
56,104,27
57,111,21
56,10B,47
56,10C,680
69,10D,0
58,104,27
54,111,21
58,110,5
55,10C,683
70,10D,0
55,104,27
57,111,21
56,10E,-4
56,10C,689
69,10D,0
56,104,27
56,111,21
58,10C,685
68,10D,0
56,104,27
57,111,21
56,10B,47
55,10C,671
70,10D,0
56,104,27
75,111,21
63,110,5
56,10C,683
68,10D,0
57,104,26
56,111,21
63,10E,-1
56,10C,674
70,10D,0
56,104,26
55,111,21
57,10C,687
69,10D,0
56,104,27
57,111,21
56,10B,47
56,10C,684
69,10D,0
56,104,27
57,111,21
56,110,5
57,10C,684
68,10D,0
56,104,27
57,111,21
56,10E,-3
56,10C,689
71,10D,0
54,104,26
56,111,21
58,10C,674
67,10D,0
58,104,27
57,111,21
60,10B,47
57,10C,674
68,10D,0
58,104,27
56,111,21
56,110,5
57,10C,667
68,10D,0
57,104,26
56,111,21
57,10E,-3
56,10C,686
69,10D,0
55,104,27
57,111,21
56,10C,692
69,10D,0
56,104,27
63,111,21
56,10B,47
56,10C,672
75,10D,0
58,104,27
55,111,21
56,110,5
56,10C,666
69,10D,0
58,104,26
58,111,21
54,10E,-3
55,10C,699
70,10D,0
56,104,26
56,111,21
63,10C,702
70,10D,0
55,104,26
56,111,21
56,10B,47
58,10C,689
67,10D,0
58,104,26
55,111,21
56,110,5
57,10C,671
68,10D,0
57,104,26
59,111,21
59,10E,-3
57,10C,677
75,10D,0
57,104,26
56,111,21
55,10C,673
70,10D,0
56,104,25
57,111,21
62,10B,47
56,10C,686
69,10D,0
56,104,25
57,111,21
62,110,5
56,10C,680
69,10D,0
56,104,27
57,111,21
59,10E,-3
53,10C,686
95,10D,0
56,104,27
58,111,21
54,10C,676
71,10D,0
54,104,26
58,111,21
55,10B,48
56,10C,672
69,10D,0
56,104,27
57,111,21
62,110,5
56,10C,678
70,10D,0
55,104,27
57,111,21
58,10E,-4
54,10C,677
71,10D,0
55,104,27
56,111,21
57,10C,667
76,10D,0
57,104,25
54,111,21
57,10B,47
56,10C,662
70,10D,0
55,104,25
58,111,21
54,110,5
57,10C,671
69,10D,0
57,104,26
56,111,21
62,10E,-3
57,10C,681
67,10D,0
58,104,25
56,111,21
57,10C,689
68,10D,0
57,104,25
55,111,21
58,10B,47
54,10C,682
70,10D,0
56,104,25
58,111,21
55,110,5
56,10C,682
81,10D,0
62,104,26
57,111,21
57,10E,-2
57,10C,684
67,10D,0
56,104,25
57,111,21
58,10C,681
74,10D,0
56,104,25
59,111,21
60,10B,47
56,10C,673
69,10D,0
57,104,27
58,111,21
60,110,5
57,10C,668
74,10D,0
59,104,26
54,111,21
56,10E,-2
57,10C,683
68,10D,0
57,104,26
59,111,21
61,10C,663
68,10D,0
56,104,25
56,111,21
57,10B,47
56,10C,672
75,10D,0
56,104,25
56,111,21
58,110,5
55,10C,698
69,10D,0
56,104,26
56,111,21
57,10E,-3
56,10C,685
68,10D,0
57,104,25
56,111,21
56,10C,680
70,10D,0
55,104,25
57,111,21
57,10B,46
81,10C,682
75,10D,0
56,104,26
56,111,21
59,110,5
54,10C,674
69,10D,0
56,104,27
56,111,21
57,10E,-3
57,10C,667
67,10D,0
58,104,26
55,111,21
56,10C,691
69,10D,0
57,104,25
57,111,21
56,10B,46
55,10C,662
71,10D,0
55,104,26
57,111,21
56,110,5
56,10C,669
69,10D,0
56,104,26
56,111,21
57,10E,-3
57,10C,680
68,10D,0
57,104,27
56,111,21
57,10C,678
75,10D,0
55,104,25
57,111,21
57,10B,46
56,10C,683
68,10D,0
57,104,25
55,111,21
56,110,5
57,10C,683
69,10D,0
56,104,25
58,111,21
61,10E,-2
57,10C,677
68,10D,0
57,104,26
56,111,21
62,10C,686
69,10D,0
57,104,25
56,111,21
56,10B,46
56,10C,691
69,10D,0
56,104,25
57,111,21
56,110,5
56,10C,689
71,10D,0
54,104,26
56,111,21
58,10E,-3
55,10C,690
70,10D,0
57,104,26
55,111,21
56,10C,677
69,10D,0
57,104,25
56,111,21
56,10B,46
57,10C,669
74,10D,0
58,104,25
55,111,21
56,110,5
57,10C,689
68,10D,0
56,104,25
58,111,21
55,10E,-3
57,10C,683
68,10D,0
56,104,25
58,111,21
56,10C,682
68,10D,0
58,104,25
54,111,21
63,10B,46
56,10C,680
70,10D,0
56,104,25
56,111,21
56,110,5
57,10C,687
75,10D,0
56,104,25
76,111,21
66,10E,-3
58,10C,671
69,10D,0
57,104,25
55,111,21
60,10C,673
72,10D,0
56,104,25
58,111,21
55,10B,46
57,10C,682
68,10D,0
56,104,26
57,111,21
62,110,5
61,10C,677
70,10D,0
56,104,25
58,111,21
56,10E,-3
58,10C,682
73,10D,0
56,104,25
57,111,21
56,10C,679
75,10D,0
56,104,25
57,111,21
56,10B,46
56,10C,682
69,10D,0
56,104,25
59,111,21
60,110,5
56,10C,670
71,10D,0
54,104,25
57,111,21
56,10E,-2
58,10C,667
68,10D,0
57,104,25
55,111,21
58,10C,687
67,10D,0
59,104,25
54,111,21
57,10B,46
55,10C,688
70,10D,0
55,104,25
63,111,21
62,110,5
58,10C,697
67,10D,0
62,104,22
58,111,21
55,10E,-2
58,10C,696
67,10D,0
60,104,25
53,111,21
57,10C,689
68,10D,0
58,104,24
57,111,21
61,10B,45
56,10C,686
69,10D,0
56,104,23
57,111,21
58,110,5
54,10C,690
71,10D,0
55,104,25
56,111,21
56,10E,-2
60,10C,674
73,10D,0
54,104,25
57,111,21
56,10C,660
76,10D,0
56,104,24
55,111,21
63,10B,45
58,10C,676
68,10D,0
56,104,23
57,111,21
56,110,5
56,10C,685
75,10D,0
57,104,24
55,111,21
57,10E,0
56,10C,671
75,10D,0
56,104,23
57,111,21
63,10C,678
67,10D,0
76,104,24
57,111,21
57,10B,45
55,10C,689
75,10D,0
56,104,23
57,111,21
58,110,4
54,10C,668
69,10D,0
56,104,24
56,111,21
57,10E,-1
58,10C,679
68,10D,0
55,104,22
56,111,21
58,10C,685
69,10D,0
56,104,24
56,111,21
56,10B,44
57,10C,667
69,10D,0
56,104,23
56,111,21
56,110,5
56,10C,673
69,10D,0
56,104,23
57,111,21
56,10E,0
56,10C,680
69,10D,0
56,104,25
58,111,21
55,10C,671
69,10D,0
56,104,24
56,111,21
57,10B,44
56,10C,680
68,10D,0
57,104,25
56,111,21
56,110,5
58,10C,678
67,10D,0
59,104,25
55,111,21
56,10E,-1
56,10C,679
75,10D,0
57,104,23
57,111,21
56,10C,681
74,10D,0
56,104,23
57,111,21
58,10B,45
54,10C,687
70,10D,0
55,104,24
57,111,21
56,110,5
59,10C,672
73,10D,0
55,104,25
57,111,21
56,10E,-1
56,10C,671
69,10D,0
58,104,24
56,111,21
55,10C,689
69,10D,0
57,104,23
56,111,21
63,10B,45
56,10C,680
69,10D,0
56,104,25
56,111,21
58,110,5
55,10C,676
69,10D,0
56,104,24
56,111,21
56,10E,0
59,10C,680
73,10D,0
56,104,25
56,111,21
57,10C,670
68,10D,0
56,104,23
60,111,21
60,10B,45
55,10C,685
70,10D,0
56,104,25
57,111,21
56,110,5
62,10C,680
88,10D,0
56,104,24
56,111,21
61,10E,0
52,10C,672
70,10D,0
55,104,23
57,111,21
55,10C,695
70,10D,0
56,104,23
57,111,21
57,10B,44
55,10C,661
69,10D,0
56,104,25
57,111,21
58,110,5
54,10C,673
70,10D,0
55,104,23
56,111,21
57,10E,-1
56,10C,685
69,10D,0
58,104,23
54,111,21
57,10C,685
68,10D,0
57,104,23
56,111,21
56,10B,45
57,10C,685
68,10D,0
56,104,24
60,111,21
62,110,5
54,10C,675
69,10D,0
57,104,24
56,111,21
56,10E,-2
62,10C,688
69,10D,0
57,104,23
56,111,21
56,10C,676
69,10D,0
56,104,24
58,111,21
55,10B,45
62,10C,681
75,10D,0
58,104,25
55,111,21
57,110,5
55,10C,684
71,10D,0
55,104,23
58,111,21
54,10E,-1
57,10C,687
69,10D,0
56,104,24
56,111,21
59,10C,678
74,10D,0
55,104,26
56,111,21
56,10B,45
58,10C,673
67,10D,0
60,104,25
53,111,21
56,110,5
57,10C,685
69,10D,0
56,104,23
57,111,21
56,10E,-1
56,10C,697
68,10D,0
57,104,24
56,111,21
57,10C,681
69,10D,0
57,104,25
54,111,21
58,10B,45
55,10C,677
76,10D,0
56,104,25
56,111,21
58,110,5
55,10C,673
75,10D,0
57,104,25
55,111,21
63,10E,0
58,10C,676
69,10D,0
55,104,23
64,111,21
54,10C,681
88,10D,0
62,104,27
58,111,22
55,10B,48
56,10C,664
69,10D,0
56,104,31
57,111,22
62,110,6
56,10C,685
70,10D,0
55,104,30
58,111,22
58,10E,-3
53,10C,680
71,10D,0
55,104,30
58,111,22
55,10C,682
70,10D,0
55,104,27
56,111,22
57,10B,52
56,10C,684
68,10D,0
58,104,27
55,111,22
56,110,6
57,10C,688
68,10D,0
57,104,34
56,111,24
56,10E,-4
57,10C,756
68,10D,0
58,104,32
55,111,23
56,10C,779
69,10D,0
56,104,31
57,111,23
56,10B,55
56,10C,790
70,10D,1
68,104,30
58,111,23
55,110,7
56,10C,758
69,10D,1
56,104,30
65,111,23
60,10E,-4
56,10C,754
75,10D,1
58,104,30
55,111,23
56,10C,740
69,10D,2
71,104,29
55,111,23
56,10B,54
56,10C,740
69,10D,2
57,104,29
57,111,23
56,110,7
55,10C,726
69,10D,2
56,104,30
56,111,23
60,10E,-2
53,10C,740
70,10D,2
56,104,30
55,111,23
57,10C,745
68,10D,2
57,104,29
57,111,21
55,10B,52
57,10C,700
68,10D,3
70,104,26
56,111,21
56,110,5
57,10C,709
68,10D,3
57,104,26
56,111,21
56,10E,2
57,10C,692
68,10D,3
58,104,27
55,111,21
56,10C,700
70,10D,3
56,104,26
55,111,21
57,10B,50
56,10C,708
69,10D,3
65,104,27
54,111,21
56,110,5
69,10C,680
75,10D,4
71,104,26
54,111,21
56,10E,4
57,10C,682
68,10D,4
57,104,29
57,111,23
55,10C,626
70,10D,4
57,104,38
55,111,23
56,10B,57
58,10C,638
68,10D,4
58,104,37
55,111,24
56,110,7
55,10C,632
70,10D,4
56,104,40
57,111,24
56,10E,-3
56,10C,637
69,10D,4
57,104,40
55,111,24
58,10C,654
67,10D,4
57,104,38
56,111,24
62,10B,66
58,10C,661
68,10D,5
69,104,37
56,111,24
57,110,7
55,10C,664
70,10D,4
68,104,37
57,111,24
56,10E,-6
56,10C,702
69,10D,5
68,104,34
57,111,23
56,10C,701
68,10D,4
76,104,33
57,111,23
56,10B,61
58,10C,740
73,10D,5
69,104,30
58,111,23
62,110,6
55,10C,737
68,10D,4
70,104,29
57,111,22
56,10E,-3
56,10C,736
68,10D,4
57,104,28
56,111,21
57,10C,729
68,10D,3
70,104,27
55,111,21
57,10B,50
57,10C,728
67,10D,2
70,104,27
56,111,21
58,110,5
56,10C,728
67,10D,1
70,104,25
56,111,21
59,10E,3
53,10C,722
71,10D,0
66,104,26
58,111,21
55,10C,712
69,10D,0
56,104,25
57,111,21
55,10B,48
59,10C,706
67,10D,0
58,104,25
54,111,21
57,110,5
56,10C,701
70,10D,0
56,104,27
57,111,21
55,10E,3
59,10C,706
78,10D,0
58,104,26
55,111,21
75,10C,725
76,10D,0
56,104,23
56,111,21
61,10B,46
52,10C,741
70,10D,0
55,104,23
56,111,21
56,110,5
59,10C,808
73,10D,0
56,104,23
57,111,21
55,10E,18
58,10C,787
67,10D,0
57,104,43
56,111,31
63,10C,626
75,10D,0
57,104,46
56,111,26
55,10B,69
58,10C,1031
68,10D,1
69,104,27
56,111,26
56,110,10
63,10C,1329
75,10D,2
69,104,28
57,111,26
56,10E,37
56,10C,1226
69,10D,2
56,104,29
56,111,26
57,10C,1173
68,10D,3
69,104,31
57,111,26
56,10B,54
56,10C,1133
69,10D,4
72,104,32
53,111,28
56,110,12
63,10C,1173
70,10D,5
68,104,36
56,111,28
56,10E,36
57,10C,1270
68,10D,6
69,104,34
56,111,29
56,10C,1293
72,10D,7
67,104,37
56,111,29
56,10B,65
57,10C,1315
68,10D,8
71,104,36
54,111,29
56,110,14
57,10C,1313
68,10D,8
57,104,36
56,111,29
57,10E,37
56,10C,1363
68,10D,10
70,104,37
56,111,29
57,10C,1394
68,10D,10
56,104,34
57,111,29
56,10B,65
56,10C,1406
72,10D,11
66,104,37
57,111,29
55,110,14
58,10C,1441
67,10D,13
70,104,36
55,111,29
57,10E,39
56,10C,1457
69,10D,13
57,104,29
56,111,27
56,10C,1459
72,10D,14
73,104,30
56,111,27
55,10B,53
57,10C,1456
88,10D,15
68,104,29
57,111,27
56,110,12
56,10C,1499
69,10D,15
56,104,29
57,111,27
56,10E,40
56,10C,1528
69,10D,16
70,104,29
55,111,27
57,10C,1555
68,10D,16
57,104,30
55,111,27
59,10B,48
54,10C,1589
71,10D,17
67,104,30
59,111,28
60,110,13
56,10C,1642
69,10D,17
57,104,29
62,111,28
56,10E,42
57,10C,1656
68,10D,17
56,104,30
61,111,28
60,10C,1686
68,10D,18
72,104,30
53,111,28
57,10B,45
55,10C,1720
69,10D,18
56,104,28
57,111,28
56,110,13
56,10C,1753
69,10D,19
73,104,28
64,111,28
60,10E,44
54,10C,1797
71,10D,19
54,104,27
56,111,28
56,10C,1811
69,10D,20
69,104,25
56,111,27
56,10B,40
56,10C,1837
69,10D,20
56,104,23
57,111,26
57,110,11
56,10C,1829
68,10D,20
56,104,23
56,111,26
57,10E,45
57,10C,1829
68,10D,20
58,104,23
55,111,26
59,10C,1830
66,10D,20
58,104,21
55,111,26
57,10B,34
56,10C,1829
70,10D,20
55,104,24
56,111,27
56,110,12
60,10C,1854
72,10D,20
57,104,25
57,111,28
54,10E,44
58,10C,1858
67,10D,20
57,104,29
56,111,29
58,10C,1889
68,10D,20
56,104,27
55,111,29
58,10B,42
63,10C,1922
68,10D,21
69,104,28
56,111,29
58,110,14
76,10C,1941
76,10D,21
53,104,29
56,111,29
56,10E,44
60,10C,1948
74,10D,21
54,104,29
56,111,29
57,10C,1941
68,10D,22
70,104,29
55,111,29
56,10B,43
60,10C,1717
72,10D,22
56,104,33
56,111,28
56,110,14
58,10C,1392
69,10D,22
56,104,32
55,111,27
64,10E,38
57,10C,1387
68,10D,22
56,104,32
56,111,28
65,10C,1415
72,10D,22
57,104,31
56,111,27
57,10B,56
57,10C,1429
68,10D,22
56,104,31
56,111,28
56,110,12
56,10C,1443
69,10D,23
70,104,28
56,111,27
55,10E,39
59,10C,1449
73,10D,23
57,104,30
56,111,27
56,10C,1456
69,10D,23
56,104,31
57,111,28
56,10B,54
57,10C,1476
68,10D,23
56,104,31
57,111,28
56,110,13
57,10C,1492
69,10D,24
68,104,33
57,111,28
56,10E,40
55,10C,1514
70,10D,24
56,104,32
57,111,28
56,10C,1524
68,10D,24
57,104,31
57,111,28
55,10B,53
57,10C,1537
68,10D,25
71,104,29
54,111,27
57,110,12
57,10C,1542
68,10D,25
57,104,28
57,111,27
62,10E,41
55,10C,1534
70,10D,25
56,104,24
56,111,25
57,10C,1522
68,10D,25
56,104,16
57,111,20
56,10B,31
56,10C,1460
70,10D,25
55,104,12
57,111,21
62,110,5
57,10C,1356
68,10D,24
69,104,13
57,111,20
56,10E,22
69,10C,1251
75,10D,25
68,104,13
57,111,20
56,10C,1124
69,10D,24
69,104,14
57,111,20
56,10B,27
55,10C,1091
70,10D,23
68,104,13
57,111,19
56,110,4
56,10C,1053
69,10D,23
56,104,13
57,111,19
57,10E,20
55,10C,1019
75,10D,22
70,104,12
55,111,19
56,10C,985
70,10D,22
56,104,13
56,111,20
57,10B,28
56,10C,947
70,10D,22
55,104,15
58,111,20
61,110,4
56,10C,918
72,10D,21
65,104,15
57,111,20
56,10E,13
56,10C,901
69,10D,21
57,104,16
57,111,20
55,10C,903
78,10D,21
54,104,15
56,111,20
57,10B,31
57,10C,887
68,10D,20
68,104,16
56,111,20
59,110,4
54,10C,875
71,10D,20
54,104,16
56,111,20
57,10E,13
56,10C,873
70,10D,19
68,104,16
57,111,20
56,10C,861
69,10D,18
69,104,16
55,111,20
57,10B,33
56,10C,847
71,10D,16
66,104,16
57,111,20
57,110,4
56,10C,825
68,10D,15
69,104,17
57,111,20
56,10E,14
56,10C,815
69,10D,13
69,104,18
56,111,20
56,10C,790
69,10D,12
69,104,20
56,111,21
56,10B,39
60,10C,814
74,10D,10
67,104,20
59,111,21
60,110,5
56,10C,824
69,10D,8
69,104,22
56,111,21
63,10E,10
56,10C,790
70,10D,7
68,104,22
57,111,21
55,10C,776
71,10D,6
79,104,23
57,111,21
56,10B,44
59,10C,786
73,10D,5
68,104,23
59,111,21
61,110,5
55,10C,771
75,10D,5
59,104,23
54,111,21
57,10E,9
55,10C,760
70,10D,5
56,104,23
58,111,21
61,10C,748
69,10D,5
56,104,24
56,111,21
59,10B,45
54,10C,753
69,10D,5
56,104,24
58,111,21
54,110,5
58,10C,760
67,10D,5
58,104,24
55,111,21
57,10E,7
56,10C,750
69,10D,5
55,104,24
58,111,23
55,10C,818
70,10D,5
55,104,28
57,111,23
57,10B,49
56,10C,984
69,10D,6
68,104,23
57,111,23
63,110,7
55,10C,1018
70,10D,6
56,104,26
56,111,25
56,10E,35
57,10C,997
69,10D,7
67,104,43
57,111,29
57,10C,1108
72,10D,8
65,104,39
57,111,29
56,10B,64
56,10C,1406
69,10D,9
69,104,37
56,111,29
56,110,15
56,10C,1448
69,10D,10
69,104,39
56,111,30
56,10E,38
60,10C,1468
72,10D,11
69,104,40
57,111,30
56,10C,1483
70,10D,12
67,104,40
57,111,30
56,10B,66
56,10C,1517
69,10D,13
69,104,40
56,111,30
57,110,16
56,10C,1553
69,10D,14
70,104,38
55,111,30
56,10E,39
56,10C,1592
69,10D,15
70,104,38
56,111,30
56,10C,1647
76,10D,16
67,104,39
57,111,30
56,10B,70
56,10C,1712
69,10D,17
70,104,39
67,111,31
64,110,18
56,10C,1800
70,10D,19
67,104,40
57,111,31
56,10E,42
57,10C,1902
68,10D,20
71,104,39
54,111,31
57,10C,1959
69,10D,21
68,104,41
57,111,32
56,10B,70
56,10C,2060
69,10D,22
70,104,40
55,111,32
56,110,23
56,10C,2141
76,10D,23
69,104,41
56,111,32
58,10E,42
55,10C,2222
70,10D,24
68,104,41
55,111,32
58,10C,2062
67,10D,24
57,104,44
57,111,32
56,10B,71
57,10C,1776
74,10D,25
69,104,50
56,111,34
57,110,22
57,10C,1746
68,10D,26
74,104,47
60,111,34
59,10E,40
56,10C,1845
69,10D,27
69,104,46
56,111,34
57,10C,1861
69,10D,28
68,104,48
57,111,34
56,10B,80
59,10C,1883
74,10D,29
68,104,47
57,111,34
54,110,24
57,10C,1931
68,10D,31
71,104,47
55,111,34
57,10E,39
56,10C,1985
69,10D,32
68,104,47
56,111,34
57,10C,2014
68,10D,32
57,104,46
56,111,34
56,10B,78
57,10C,2062
69,10D,33
69,104,46
57,111,34
62,110,26
56,10C,2120
69,10D,35
68,104,46
57,111,33
57,10E,40
55,10C,2176
70,10D,36
67,104,44
62,111,33
57,10C,2230
70,10D,37
68,104,38
57,111,32
56,10B,58
63,10C,2234
69,10D,37
59,104,38
53,111,31
58,110,22
54,10C,2245
69,10D,38
82,104,39
62,111,31
57,10E,13
57,10C,1764
74,10D,38
61,104,48
60,111,32
60,10C,1629
70,10D,39
68,104,44
57,111,33
59,10B,80
53,10C,1702
70,10D,39
55,104,45
59,111,33
63,110,21
53,10C,1734
71,10D,40
67,104,45
58,111,33
55,10E,40
57,10C,1768
67,10D,40
58,104,45
55,111,33
59,10C,1782
75,10D,41
66,104,45
59,111,33
61,10B,80
56,10C,1785
69,10D,42
68,104,44
58,111,33
54,110,21
59,10C,1790
67,10D,42
58,104,46
54,111,33
57,10E,40
57,10C,1808
74,10D,43
72,104,45
53,111,33
58,10C,1818
67,10D,43
57,104,44
57,111,33
57,10B,79
55,10C,1822
69,10D,44
69,104,45
56,111,33
56,110,22
57,10C,1825
68,10D,44
59,104,44
54,111,33
56,10E,40
57,10C,1833
74,10D,45
71,104,43
54,111,32
58,10C,1838
67,10D,45
58,104,42
55,111,32
57,10B,76
57,10C,1833
68,10D,46
69,104,43
56,111,32
56,110,21
57,10C,1849
68,10D,46
58,104,43
55,111,32
56,10E,41
58,10C,1861
67,10D,47
69,104,42
56,111,32
56,10C,1879
69,10D,47
56,104,41
59,111,32
61,10B,74
56,10C,1879
70,10D,47
55,104,42
75,111,32
56,110,20
57,10C,1904
68,10D,48
69,104,53
56,111,41
57,10E,34
57,10C,2028
93,10D,48
58,104,63
56,111,44
56,10C,2159
69,10D,49
68,104,69
56,111,46
57,10B,95
55,10C,2260
69,10D,50
70,104,74
57,111,49
55,110,46
57,10C,2346
68,10D,52
69,104,74
56,111,38
56,10E,34
57,10C,2263
68,10D,53
69,104,50
56,111,29
58,10C,2079
68,10D,53
57,104,13
56,111,22
55,10B,34
58,10C,1906
68,10D,55
69,104,14
56,111,21
56,110,6
59,10C,1445
73,10D,54
69,104,13
57,111,21
55,10E,32
58,10C,1446
68,10D,53
68,104,14
57,111,21
62,10C,1399
69,10D,53
57,104,12
55,111,20
58,10B,26
55,10C,1301
70,10D,53
56,104,12
55,111,20
57,110,5
56,10C,1251
68,10D,53
58,104,14
56,111,21
55,10E,25
57,10C,1271
75,10D,52
69,104,12
56,111,20
59,10C,1287
73,10D,52
56,104,12
56,111,20
56,10B,26
58,10C,1267
67,10D,52
58,104,12
55,111,20
56,110,4
58,10C,1261
67,10D,51
70,104,13
56,111,20
56,10E,26
58,10C,1231
67,10D,51
59,104,12
54,111,20
56,10C,1236
69,10D,51
56,104,13
57,111,20
60,10B,27
59,10C,1257
68,10D,51
58,104,59
55,111,34
56,110,28
56,10C,1699
75,10D,51
57,104,63
56,111,36
58,10E,32
54,10C,1925
70,10D,51
56,104,75
57,111,44
56,10C,2079
87,10D,52
70,104,68
55,111,45
56,10B,95
58,10C,2149
74,10D,53
69,104,69
56,111,45
57,110,41
56,10C,2175
68,10D,54
69,104,73
57,111,42
56,10E,29
56,10C,2194
69,10D,55
69,104,68
56,111,40
57,10C,2166
69,10D,56
68,104,54
56,111,35
58,10B,82
55,10C,1989
69,10D,56
57,104,43
55,111,31
57,110,17
58,10C,1826
73,10D,57
68,104,18
57,111,20
57,10E,44
61,10C,1639
70,10D,57
56,104,12
57,111,21
56,10C,1586
69,10D,56
68,104,13
58,111,21
61,10B,26
56,10C,1515
71,10D,57
68,104,14
58,111,21
60,110,5
57,10C,1479
68,10D,56
69,104,14
57,111,21
57,10E,21
55,10C,1426
68,10D,56
60,104,13
53,111,21
58,10C,1389
73,10D,56
57,104,13
59,111,20
60,10B,25
57,10C,1318
68,10D,55
69,104,12
56,111,20
57,110,4
56,10C,1253
68,10D,55
60,104,12
53,111,20
56,10E,24
57,10C,1228
69,10D,54
68,104,12
56,111,20
57,10C,1284
69,10D,54
57,104,12
58,111,20
60,10B,25
57,10C,1293
68,10D,54
57,104,12
56,111,20
56,110,4
57,10C,1281
68,10D,54
56,104,12
57,111,20
58,10E,23
61,10C,1251
70,10D,53
70,104,13
53,111,20
58,10C,1228
68,10D,53
57,104,12
56,111,20
56,10B,26
76,10C,1223
76,10D,53
54,104,43
57,111,32
55,110,28
58,10C,1651
68,10D,55
69,104,61
56,111,36
59,10E,33
54,10C,1915
72,10D,53
65,104,74
57,111,44
56,10C,2081
68,10D,54
69,104,68
57,111,47
57,10B,95
56,10C,2164
68,10D,55
69,104,69
57,111,47
58,110,40
54,10C,2074
71,10D,55
54,104,69
56,111,47
57,10E,29
57,10C,2094
68,10D,56
68,104,70
57,111,47
56,10C,2106
70,10D,57
70,104,71
55,111,47
56,10B,95
56,10C,2121
69,10D,58
68,104,69
57,111,45
57,110,40
56,10C,2189
68,10D,59
69,104,60
58,111,38
57,10E,33
54,10C,2119
70,10D,59
56,104,27
56,111,21
56,10C,1784
75,10D,59
57,104,13
55,111,21
57,10B,33
56,10C,1676
69,10D,59
56,104,13
57,111,21
56,110,6
56,10C,1543
69,10D,59
56,104,16
56,111,21
59,10E,16
54,10C,1304
70,10D,59
56,104,13
55,111,21
56,10C,1133
69,10D,59
56,104,19
61,111,22
59,10B,32
57,10C,1161
68,10D,59
56,104,18
57,111,21
56,110,6
56,10C,1186
69,10D,59
56,104,17
57,111,21
58,10E,23
54,10C,1158
69,10D,58
69,104,17
62,111,21
56,10C,1136
69,10D,58
56,104,17
57,111,21
59,10B,33
53,10C,1139
72,10D,58
54,104,15
56,111,23
57,110,7
75,10C,1195
74,10D,58
61,104,20
59,111,24
55,10E,31
58,10C,1211
67,10D,57
70,104,23
56,111,24
58,10C,1223
67,10D,57
58,104,24
55,111,25
56,10B,42
56,10C,1242
69,10D,57
56,104,26
60,111,25
60,110,10
56,10C,1240
69,10D,57
55,104,27
59,111,25
54,10E,36
56,10C,1204
69,10D,57
56,104,27
57,111,26
58,10C,1198
68,10D,57
55,104,29
57,111,26
57,10B,52
55,10C,1201
69,10D,57
57,104,30
57,111,27
55,110,11
57,10C,1204
75,10D,57
56,104,31
56,111,27
56,10E,35
57,10C,1189
69,10D,57
56,104,34
56,111,27
63,10C,1172
72,10D,57
59,104,33
56,111,27
58,10B,65
55,10C,1142
75,10D,57
57,104,32
56,111,27
62,110,11
57,10C,1129
68,10D,57
58,104,33
55,111,28
62,10E,34
58,10C,1129
67,10D,57
58,104,33
55,111,28
57,10C,1130
68,10D,57
57,104,34
56,111,28
58,10B,73
55,10C,1134
75,10D,58
70,104,37
55,111,30
58,110,14
55,10C,1151
71,10D,58
54,104,38
56,111,30
56,10E,34
57,10C,1180
68,10D,58
57,104,38
56,111,30
62,10C,1169
70,10D,58
55,104,33
63,111,27
59,10B,72
53,10C,1159
71,10D,58
55,104,27
58,111,26
55,110,9
57,10C,1138
68,10D,58
56,104,29
56,111,26
59,10E,35
80,10C,1152
73,10D,58
58,104,29
55,111,26
57,10C,1154
69,10D,58
57,104,29
56,111,26
56,10B,63
57,10C,1156
69,10D,58
55,104,29
57,111,27
56,110,10
57,10C,1166
68,10D,58
56,104,29
56,111,27
57,10E,35
56,10C,1161
69,10D,58
56,104,30
56,111,27
58,10C,1166
67,10D,58
58,104,29
57,111,27
54,10B,64
56,10C,1170
69,10D,58
56,104,30
58,111,27
55,110,10
56,10C,1177
72,10D,58
54,104,30
57,111,27
62,10E,35
56,10C,1174
69,10D,58
56,104,28
57,111,27
56,10C,1173
70,10D,58
55,104,29
57,111,26
57,10B,64
56,10C,1166
67,10D,58
57,104,29
56,111,27
56,110,11
57,10C,1170
74,10D,59
71,104,30
55,111,27
57,10E,35
57,10C,1180
74,10D,59
59,104,32
53,111,27
57,10C,1189
68,10D,59
57,104,32
56,111,27
57,10B,68
56,10C,1193
68,10D,59
57,104,32
56,111,28
56,110,11
60,10C,1183
73,10D,59
56,104,32
55,111,28
56,10E,35
59,10C,1185
73,10D,59
58,104,31
56,111,28
55,10C,1188
70,10D,59
55,104,31
57,111,28
56,10B,69
56,10C,1188
75,10D,59
56,104,32
59,111,28
60,110,11
56,10C,1183
70,10D,59
55,104,31
57,111,28
56,10E,35
56,10C,1187
70,10D,59
55,104,31
58,111,28
74,10C,1190
75,10D,59
57,104,31
56,111,28
56,10B,68
56,10C,1197
70,10D,59
56,104,31
58,111,28
60,110,11
56,10C,1186
72,10D,59
54,104,29
57,111,26
56,10E,35
56,10C,1182
69,10D,59
56,104,26
57,111,24
56,10C,1168
68,10D,59
59,104,23
54,111,24
56,10B,53
57,10C,1180
68,10D,59
58,104,23
57,111,24
54,110,9
58,10C,1201
67,10D,59
57,104,23
57,111,24
61,10E,37
58,10C,1207
67,10D,59
63,104,23
58,111,24
55,10C,1220
69,10D,59
56,104,24
57,111,24
56,10B,48
57,10C,1226
68,10D,59
56,104,24
57,111,24
56,110,8
56,10C,1229
70,10D,59
55,104,24
56,111,24
57,10E,37
57,10C,1224
68,10D,59
59,104,25
53,111,25
57,10C,1229
68,10D,59
62,104,25
57,111,25
56,10B,50
60,10C,1224
72,10D,59
57,104,25
56,111,25
56,110,9
56,10C,1213
69,10D,59
59,104,25
54,111,25
56,10E,36
57,10C,1211
68,10D,59
57,104,24
57,111,25
55,10C,1210
75,10D,59
56,104,27
57,111,25
57,10B,54
55,10C,1211
70,10D,59
57,104,26
58,111,25
59,110,9
64,10C,1200
68,10D,59
58,104,26
55,111,25
56,10E,35
56,10C,1200
70,10D,59
55,104,27
58,111,25
55,10C,1196
68,10D,59
57,104,27
57,111,25
55,10B,56
76,10C,1186
75,10D,58
73,104,27
52,111,25
56,110,9
57,10C,1187
74,10D,59
70,104,27
55,111,25
58,10E,35
55,10C,1180
70,10D,58
68,104,27
57,111,25
56,10C,1172
69,10D,59
68,104,26
58,111,25
55,10B,57
57,10C,1167
68,10D,58
69,104,27
55,111,25
64,110,9
58,10C,1180
74,10D,58
55,104,27
57,111,26
56,10E,35
57,10C,1181
68,10D,58
57,104,29
56,111,28
56,10C,1186
68,10D,58
58,104,37
55,111,29
56,10B,71
57,10C,1231
74,10D,58
57,104,38
56,111,30
57,110,14
58,10C,1222
74,10D,59
70,104,37
54,111,30
57,10E,35
56,10C,1250
70,10D,59
55,104,40
56,111,31
57,10C,1255
70,10D,59
55,104,40
56,111,31
56,10B,82
59,10C,1227
66,10D,59
56,104,37
58,111,31
55,110,14
57,10C,1214
69,10D,59
55,104,40
59,111,31
60,10E,35
58,10C,1233
68,10D,60
69,104,40
57,111,31
55,10C,1218
69,10D,60
56,104,40
58,111,31
55,10B,84
56,10C,1204
69,10D,60
56,104,39
56,111,31
59,110,13
55,10C,1195
68,10D,60
57,104,40
63,111,31
57,10E,34
55,10C,1201
69,10D,60
56,104,39
57,111,31
56,10C,1204
68,10D,61
69,104,40
56,111,31
57,10B,83
58,10C,1204
68,10D,61
55,104,37
56,111,30
57,110,14
74,10C,1199
76,10D,61
56,104,38
58,111,30
55,10E,34
56,10C,1207
69,10D,61
56,104,38
57,111,30
56,10C,1207
68,10D,61
57,104,39
57,111,30
62,10B,81
58,10C,1209
67,10D,61
57,104,38
55,111,30
56,110,12
57,10C,1202
68,10D,62
64,104,32
55,111,29
57,10E,35
56,10C,1196
69,10D,62
57,104,30
56,111,27
56,10C,1217
70,10D,62
55,104,29
57,111,26
56,10B,64
62,10C,1217
69,10D,62
57,104,25
56,111,25
56,110,9
57,10C,1238
68,10D,62
58,104,26
55,111,25
57,10E,36
55,10C,1253
70,10D,62
55,104,25
59,111,25
54,10C,1249
69,10D,62
57,104,26
56,111,25
55,10B,53
60,10C,1262
66,10D,62
58,104,21
55,111,23
56,110,7
57,10C,1265
68,10D,61
69,104,18
56,111,22
56,10E,40
59,10C,1286
75,10D,61
54,104,18
57,111,23
55,10C,1271
70,10D,61
55,104,18
57,111,23
56,10B,37
58,10C,1266
68,10D,61
59,104,21
54,111,24
57,110,8
55,10C,1270
72,10D,61
53,104,21
57,111,24
56,10E,39
58,10C,1275
77,10D,61
58,104,33
57,111,29
58,10C,1354
73,10D,60
69,104,33
58,111,28
54,10B,55
57,10C,1404
69,10D,60
56,104,32
57,111,28
56,110,13
56,10C,1419
71,10D,60
54,104,36
57,111,29
56,10E,38
76,10C,1449
73,10D,60
59,104,36
54,111,30
58,10C,1362
68,10D,61
63,104,49
57,111,32
55,10B,78
59,10C,1307
73,10D,61
55,104,45
59,111,32
54,110,17
57,10C,1315
68,10D,61
57,104,42
56,111,32
57,10E,34
55,10C,1294
72,10D,61
53,104,44
58,111,33
55,10C,1311
70,10D,61
55,104,43
58,111,33
54,10B,87
58,10C,1292
68,10D,62
71,104,40
54,111,30
63,110,11
58,10C,1256
75,10D,62
54,104,29
56,111,28
57,10E,36
57,10C,1269
68,10D,62
58,104,26
54,111,26
57,10C,1255
69,10D,62
57,104,27
56,111,26
62,10B,56
57,10C,1285
68,10D,62
57,104,26
56,111,26
56,110,10
57,10C,1283
68,10D,62
57,104,28
58,111,26
54,10E,36
58,10C,1275
67,10D,63
69,104,26
56,111,26
63,10C,1268
69,10D,63
56,104,27
57,111,26
56,10B,54
56,10C,1280
69,10D,63
56,104,23
57,111,23
62,110,7
57,10C,1264
68,10D,63
57,104,19
56,111,23
56,10E,39
56,10C,1309
69,10D,63
57,104,19
58,111,23
60,10C,1304
75,10D,63
57,104,19
56,111,23
56,10B,38
56,10C,1300
70,10D,63
56,104,20
56,111,23
57,110,7
56,10C,1303
70,10D,62
68,104,20
56,111,23
56,10E,39
56,10C,1299
69,10D,62
56,104,20
56,111,23
75,10C,1302
78,10D,62
55,104,20
56,111,23
57,10B,39
55,10C,1307
69,10D,62
56,104,22
57,111,24
56,110,8
56,10C,1310
69,10D,62
56,104,24
56,111,25
59,10E,38
54,10C,1327
72,10D,62
53,104,24
56,111,25
58,10C,1329
67,10D,62
58,104,24
56,111,25
56,10B,45
55,10C,1329
70,10D,62
56,104,24
56,111,25
59,110,9
54,10C,1339
69,10D,62
57,104,26
62,111,25
57,10E,38
55,10C,1341
69,10D,62
56,104,25
57,111,25
57,10C,1317
68,10D,62
57,104,26
55,111,25
57,10B,50
56,10C,1294
68,10D,62
57,104,25
56,111,25
57,110,10
56,10C,1290
70,10D,62
56,104,26
56,111,25
55,10E,37
59,10C,1281
66,10D,63
70,104,25
56,111,25
57,10C,1278
68,10D,63
57,104,26
56,111,26
62,10B,53
57,10C,1287
68,10D,63
59,104,32
54,111,27
56,110,11
56,10C,1276
70,10D,63
55,104,30
57,111,27
56,10E,36
57,10C,1270
68,10D,63
57,104,30
56,111,27
58,10C,1278
68,10D,63
56,104,30
56,111,27
55,10B,62
64,10C,1255
69,10D,63
56,104,30
56,111,28
58,110,12
55,10C,1246
69,10D,63
56,104,38
56,111,29
56,10E,35
57,10C,1261
68,10D,63
58,104,36
55,111,30
56,10C,1248
70,10D,63
55,104,38
57,111,30
57,10B,76
76,10C,1254
73,10D,63
57,104,38
56,111,30
56,110,14
57,10C,1263
68,10D,63
57,104,37
56,111,30
56,10E,35
57,10C,1256
71,10D,63
53,104,38
57,111,30
56,10C,1263
75,10D,63
60,104,36
53,111,30
58,10B,77
55,10C,1263
69,10D,64
68,104,34
57,111,28
56,110,11
58,10C,1246
74,10D,64
55,104,30
60,111,28
61,10E,35
55,10C,1241
74,10D,64
58,104,32
56,111,28
58,10C,1242
75,10D,64
62,104,31
55,111,28
58,10B,67
54,10C,1251
73,10D,64
52,104,32
58,111,28
55,110,12
58,10C,1276
74,10D,64
55,104,33
59,111,29
54,10E,36
57,10C,1276
68,10D,63
70,104,33
56,111,29
63,10C,1287
74,10D,64
70,104,33
55,111,29
56,10B,69
57,10C,1287
75,10D,64
58,104,34
54,111,29
56,110,12
57,10C,1281
69,10D,64
57,104,33
57,111,29
54,10E,36
58,10C,1278
68,10D,64
57,104,34
56,111,29
62,10C,1291
69,10D,64
56,104,32
57,111,28
56,10B,68
57,10C,1278
68,10D,64
57,104,33
62,111,28
56,110,12
57,10C,1273
68,10D,64
58,104,32
55,111,28
57,10E,36
55,10C,1271
76,10D,64
58,104,34
55,111,28
56,10C,1289
69,10D,64
56,104,33
56,111,28
63,10B,68
56,10C,1277
69,10D,64
57,104,31
55,111,27
58,110,11
74,10C,1271
75,10D,65
69,104,29
56,111,27
56,10E,36
57,10C,1274
68,10D,64
69,104,29
57,111,27
55,10C,1286
69,10D,64
56,104,29
57,111,27
58,10B,62
54,10C,1302
70,10D,64
56,104,30
57,111,27
56,110,11
55,10C,1298
71,10D,65
67,104,29
57,111,27
56,10E,36
56,10C,1294
70,10D,64
68,104,29
56,111,27
63,10C,1294
68,10D,64
57,104,30
57,111,27
58,10B,61
54,10C,1293
77,10D,64
54,104,30
57,111,27
56,110,11
57,10C,1288
76,10D,64
55,104,30
57,111,27
55,10E,36
57,10C,1295
68,10D,64
57,104,29
57,111,26
56,10C,1286
68,10D,64
57,104,27
56,111,26
57,10B,57
56,10C,1288
68,10D,64
57,104,27
56,111,26
59,110,10
54,10C,1296
68,10D,64
57,104,27
56,111,26
56,10E,37
57,10C,1291
68,10D,64
57,104,26
56,111,26
56,10C,1305
69,10D,64
56,104,27
58,111,25
55,10B,52
56,10C,1300
69,10D,64
56,104,21
56,111,23
57,110,7
56,10C,1329
76,10D,64
55,104,21
56,111,24
57,10E,39
56,10C,1340
69,10D,64
57,104,21
55,111,24
58,10C,1337
68,10D,64
57,104,21
56,111,24
57,10B,40
56,10C,1330
68,10D,64
57,104,17
56,111,20
56,110,5
58,10C,1284
74,10D,63
69,104,12
57,111,20
55,10E,40
75,10C,1209
75,10D,63
56,104,12
57,111,20
56,10C,1197
69,10D,63
57,104,12
55,111,20
56,10B,27
57,10C,1149
68,10D,63
57,104,12
57,111,20
55,110,4
57,10C,1147
68,10D,62
71,104,14
55,111,21
56,10E,37
56,10C,1188
69,10D,62
57,104,15
59,111,21
60,10C,1221
68,10D,62
57,104,15
56,111,22
62,10B,31
57,10C,1242
68,10D,62
57,104,16
56,111,21
59,110,5
54,10C,1247
68,10D,62
56,104,16
57,111,21
56,10E,37
62,10C,1247
72,10D,62
54,104,16
58,111,22
55,10C,1249
69,10D,61
68,104,16
57,111,22
56,10B,33
59,10C,1255
73,10D,62
69,104,19
58,111,23
61,110,7
56,10C,1272
70,10D,61
67,104,19
57,111,23
56,10E,35
57,10C,1265
68,10D,61
57,104,20
55,111,23
58,10C,1274
67,10D,61
60,104,21
53,111,23
58,10B,39
54,10C,1281
70,10D,61
56,104,20
56,111,24
56,110,8
59,10C,1283
74,10D,61
55,104,22
57,111,24
56,10E,38
63,10C,1292
70,10D,61
54,104,21
57,111,24
56,10C,1290
75,10D,61
58,104,22
54,111,24
59,10B,44
54,10C,1287
71,10D,61
54,104,23
58,111,26
55,110,10
57,10C,1307
68,10D,61
56,104,27
57,111,26
57,10E,37
55,10C,1282
71,10D,61
55,104,28
57,111,26
80,10C,1249
75,10D,61
56,104,27
56,111,26
59,10B,55
54,10C,1235
70,10D,61
56,104,27
56,111,26
56,110,9
56,10C,1222
70,10D,61
56,104,26
56,111,26
57,10E,35
56,10C,1217
70,10D,61
55,104,26
56,111,26
56,10C,1222
69,10D,61
56,104,27
60,111,26
59,10B,57
56,10C,1213
70,10D,61
64,104,26
55,111,26
56,110,10
56,10C,1203
69,10D,61
55,104,27
60,111,26
54,10E,35
55,10C,1201
70,10D,61
56,104,27
57,111,24
58,10C,1199
67,10D,61
56,104,21
56,111,24
63,10B,49
56,10C,1187
69,10D,61
56,104,22
56,111,24
57,110,8
56,10C,1204
69,10D,61
56,104,23
57,111,24
55,10E,37
57,10C,1228
69,10D,61
56,104,22
56,111,24
57,10C,1234
68,10D,61
58,104,22
55,111,19
57,10B,40
55,10C,1191
70,10D,60
69,104,10
56,111,19
56,110,3
57,10C,1185
68,10D,60
56,104,12
58,111,20
61,10E,20
56,10C,1106
70,10D,60
57,104,12
55,111,19
63,10C,986
70,10D,60
55,104,14
58,111,20
54,10B,29
56,10C,1051
70,10D,60
56,104,13
56,111,20
58,110,4
55,10C,1041
69,10D,59
68,104,13
59,111,20
60,10E,23
56,10C,1047
75,10D,59
57,104,13
56,111,20
57,10C,1031
69,10D,59
55,104,13
57,111,20
57,10B,29
74,10C,1012
76,10D,59
55,104,13
57,111,20
56,110,4
56,10C,999
69,10D,59
58,104,13
56,111,20
55,10E,18
56,10C,990
76,10D,58
69,104,13
56,111,20
56,10C,992
69,10D,58
57,104,13
56,111,19
56,10B,29
56,10C,961
69,10D,58
56,104,13
59,111,19
54,110,4
56,10C,965
69,10D,57
75,104,13
56,111,19
57,10E,21
57,10C,937
68,10D,57
57,104,13
56,111,19
56,10C,927
69,10D,57
56,104,14
56,111,19
60,10B,30
53,10C,936
72,10D,56
65,104,13
57,111,19
56,110,4
56,10C,916
69,10D,55
72,104,13
54,111,19
62,10E,19
56,10C,909
69,10D,55
58,104,13
55,111,19
56,10C,894
69,10D,54
63,104,14
56,111,19
57,10B,30
55,10C,884
69,10D,53
69,104,13
56,111,19
56,110,3
57,10C,899
69,10D,52
68,104,12
57,111,18
56,10E,15
58,10C,901
67,10D,51
70,104,11
55,111,18
58,10C,913
67,10D,51
58,104,11
55,111,18
57,10B,28
62,10C,890
69,10D,50
69,104,12
56,111,18
58,110,3
54,10C,952
72,10D,48
67,104,11
58,111,18
61,10E,19
55,10C,970
69,10D,47
69,104,12
56,111,19
57,10C,962
68,10D,47
57,104,13
56,111,19
56,10B,29
57,10C,977
68,10D,45
71,104,13
55,111,20
63,110,4
57,10C,970
92,10D,44
69,104,14
56,111,20
56,10E,20
57,10C,971
71,10D,43
67,104,14
57,111,20
55,10C,999
72,10D,42
66,104,14
57,111,20
55,10B,30
57,10C,974
68,10D,41
69,104,13
56,111,19
63,110,4
59,10C,960
73,10D,40
68,104,12
59,111,19
54,10E,25
56,10C,919
69,10D,38
75,104,13
56,111,19
57,10C,927
75,10D,37
69,104,12
56,111,18
56,10B,28
57,10C,998
68,10D,35
69,104,12
56,111,19
57,110,3
56,10C,1001
69,10D,33
69,104,12
55,111,19
57,10E,19
57,10C,934
70,10D,31
67,104,14
58,111,20
55,10C,928
69,10D,30
69,104,14
56,111,20
56,10B,31
59,10C,938
72,10D,28
70,104,15
56,111,20
56,110,4
56,10C,930
69,10D,26
71,104,15
54,111,20
56,10E,22
57,10C,917
69,10D,24
68,104,15
57,111,20
56,10C,890
69,10D,23
69,104,16
56,111,20
56,10B,34
58,10C,821
67,10D,21
70,104,17
55,111,19
58,110,4
55,10C,749
94,10D,19
69,104,18
58,111,19
55,10E,14
56,10C,717
68,10D,17
70,104,20
56,111,20
56,10C,680
69,10D,16
72,104,20
53,111,20
56,10B,40
57,10C,683
68,10D,14
70,104,20
55,111,20
57,110,4
56,10C,731
69,10D,12
69,104,19
55,111,20
58,10E,6
56,10C,739
70,10D,10
80,104,17
56,111,20
56,10C,723
69,10D,9
68,104,18
57,111,20
56,10B,39
58,10C,726
68,10D,7
69,104,18
56,111,20
62,110,4
58,10C,719
67,10D,6
69,104,21
57,111,20
57,10E,20
56,10C,705
68,10D,4
69,104,22
58,111,21
55,10C,729
68,10D,4
57,104,22
59,111,21
60,10B,44
64,10C,722
78,10D,3
64,104,21
58,111,21
54,110,5
56,10C,754
70,10D,2
71,104,21
54,111,21
56,10E,6
57,10C,735
68,10D,2
56,104,21
59,111,20
54,10C,729
71,10D,2
54,104,21
56,111,20
57,10B,45
58,10C,713
68,10D,2
60,104,23
58,111,21
57,110,5
56,10C,759
69,10D,3
68,104,30
57,111,26
57,10E,21
55,10C,898
72,10D,4
65,104,36
58,111,27
55,10C,1145
69,10D,4
56,104,33
56,111,29
57,10B,59
57,10C,1323
68,10D,5
70,104,39
56,111,30
56,110,17
57,10C,1447
71,10D,7
65,104,51
57,111,33
57,10E,37
55,10C,1633
69,10D,9
69,104,50
63,111,32
56,10C,1713
69,10D,11
70,104,47
56,111,32
55,10B,75
58,10C,1715
68,10D,13
71,104,53
53,111,34
58,110,26
55,10C,1793
70,10D,16
69,104,52
57,111,36
61,10E,35
56,10C,1900
70,10D,17
68,104,54
57,111,37
55,10C,1972
71,10D,19
67,104,54
57,111,37
56,10B,88
75,10C,2063
74,10D,21
70,104,52
55,111,36
61,110,30
53,10C,2206
75,10D,23
68,104,51
57,111,36
56,10E,38
56,10C,2338
69,10D,25
68,104,51
57,111,35
56,10C,2438
70,10D,26
68,104,50
57,111,35
56,10B,73
57,10C,2561
68,10D,27
69,104,52
57,111,36
55,110,39
63,10C,2621
69,10D,29
70,104,62
55,111,38
55,10E,9
58,10C,2145
68,10D,30
69,104,69
56,111,43
57,10C,2142
68,10D,31
69,104,65
56,111,45
56,10B,95
58,10C,2207
68,10D,33
69,104,69
55,111,45
58,110,43
55,10C,2319
70,10D,35
68,104,69
57,111,41
56,10E,32
56,10C,2380
69,10D,37
68,104,68
58,111,39
55,10C,2401
70,10D,38
68,104,66
57,111,38
56,10B,84
56,10C,2460
69,10D,40
68,104,63
57,111,38
56,110,44
57,10C,2545
68,10D,41
70,104,64
55,111,38
56,10E,34
58,10C,2608
69,10D,43
68,104,61
56,111,38
56,10C,2675
69,10D,44
75,104,60
56,111,38
56,10B,79
57,10C,2741
68,10D,46
69,104,55
57,111,37
56,110,41
57,10C,2797
69,10D,47
69,104,55
56,111,37
56,10E,41
56,10C,2824
69,10D,48
69,104,53
58,111,38
55,10C,2667
69,10D,48
56,104,72
56,111,43
58,10B,94
55,10C,2152
71,10D,49
66,104,64
56,111,44
57,110,38
75,10C,2204
75,10D,50
69,104,67
56,111,44
57,10E,31
56,10C,2254
68,10D,52
70,104,61
55,111,37
60,10C,2226
71,10D,52
57,104,59
57,111,37
56,10B,86
56,10C,2210
69,10D,53
69,104,56
56,111,36
57,110,34
56,10C,2194
69,10D,54
68,104,53
63,111,35
58,10E,36
54,10C,2168
69,10D,55
69,104,51
56,111,35
57,10C,2184
69,10D,55
56,104,51
57,111,35
56,10B,78
56,10C,2201
69,10D,56
71,104,52
54,111,35
57,110,30
55,10C,2224
70,10D,56
55,104,51
58,111,35
55,10E,37
58,10C,2243
74,10D,57
69,104,51
56,111,35
56,10C,2260
69,10D,57
57,104,52
55,111,35
57,10B,76
56,10C,2261
69,10D,58
70,104,53
56,111,35
55,110,31
56,10C,2014
70,10D,58
55,104,57
57,111,40
56,10E,33
56,10C,2049
70,10D,59
68,104,60
57,111,40
56,10C,2080
69,10D,59
56,104,61
56,111,40
57,10B,91
62,10C,2126
69,10D,60
71,104,62
54,111,38
56,110,34
57,10C,2091
68,10D,60
56,104,62
58,111,38
55,10E,33
56,10C,1955
70,10D,61
68,104,63
57,111,40
56,10C,1874
69,10D,62
70,104,61
54,111,41
60,10B,94
53,10C,1869
69,10D,62
57,104,60
55,111,41
57,110,30
59,10C,1865
73,10D,63
68,104,61
59,111,42
54,10E,32
88,10C,1847
76,10D,64
68,104,57
56,111,40
56,10C,1826
69,10D,64
57,104,56
55,111,38
58,10B,91
55,10C,1828
70,10D,65
67,104,56
59,111,37
54,110,26
57,10C,1828
69,10D,65
57,104,46
54,111,34
60,10E,38
53,10C,1815
77,10D,65
55,104,40
56,111,32
57,10C,1806
68,10D,66
70,104,41
55,111,32
58,10B,75
55,10C,1837
70,10D,66
55,104,40
58,111,32
55,110,20
58,10C,1840
74,10D,66
56,104,41
56,111,32
56,10E,41
58,10C,1852
68,10D,66
56,104,40
56,111,32
59,10C,1841
75,10D,66
54,104,38
56,111,31
56,10B,72
58,10C,1850
67,10D,66
57,104,39
56,111,31
56,110,19
57,10C,1854
68,10D,67
70,104,37
56,111,31
55,10E,41
58,10C,1858
68,10D,67
57,104,37
56,111,31
56,10C,1863
70,10D,67
55,104,10
56,111,21
59,10B,42
54,10C,1834
70,10D,66
67,104,12
57,111,22
62,110,6
56,10C,1818
69,10D,66
56,104,14
59,111,22
54,10E,48
57,10C,1798
69,10D,66
55,104,13
58,111,22
56,10C,1767
68,10D,66
57,104,13
56,111,22
56,10B,25
57,10C,1729
68,10D,65
69,104,13
56,111,21
57,110,6
59,10C,1590
72,10D,64
69,104,13
56,111,20
56,10E,17
56,10C,1325
70,10D,63
72,104,12
53,111,20
75,10C,1093
74,10D,62
70,104,17
58,111,21
55,10B,31
56,10C,1068
69,10D,60
68,104,17
56,111,21
58,110,6
58,10C,1146
73,10D,59
68,104,15
58,111,21
56,10E,20
55,10C,1140
70,10D,58
69,104,14
56,111,20
55,10C,1122
75,10D,56
71,104,14
55,111,20
56,10B,31
57,10C,1090
68,10D,55
69,104,14
56,111,20
56,110,4
57,10C,1054
69,10D,53
68,104,14
56,111,20
57,10E,26
57,10C,1012
68,10D,52
69,104,12
57,111,19
55,10C,1005
69,10D,50
70,104,12
55,111,19
57,10B,28
56,10C,1035
69,10D,48
69,104,12
56,111,19
56,110,3
59,10C,1058
72,10D,46
70,104,12
56,111,19
56,10E,24
57,10C,1053
68,10D,44
72,104,12
54,111,19
55,10C,1031
69,10D,42
70,104,12
56,111,19
56,10B,28
57,10C,983
68,10D,40
69,104,12
56,111,19
56,110,4
57,10C,970
68,10D,38
69,104,14
66,111,20
59,10E,21
57,10C,952
68,10D,35
71,104,14
55,111,19
56,10C,970
69,10D,33
68,104,13
58,111,20
55,10B,30
60,10C,979
71,10D,31
70,104,13
57,111,19
55,110,4
56,10C,965
69,10D,29
72,104,13
54,111,20
56,10E,20
56,10C,934
69,10D,27
68,104,14
56,111,20
57,10C,900
69,10D,25
69,104,16
56,111,20
57,10B,33
74,10C,885
75,10D,23
70,104,16
56,111,20
57,110,4
55,10C,836
75,10D,20
69,104,18
56,111,21
58,10E,20
55,10C,786
69,10D,18
68,104,22
58,111,21
55,10C,749
70,10D,17
68,104,23
57,111,21
56,10B,43
56,10C,721
77,10D,15
67,104,23
57,111,21
55,110,5
58,10C,754
74,10D,13
69,104,21
56,111,21
56,10E,-2
58,10C,764
67,10D,12
70,104,20
55,111,20
58,10C,759
67,10D,10
70,104,19
57,111,20
61,10B,42
57,10C,760
69,10D,9
71,104,20
53,111,20
57,110,4
56,10C,772
69,10D,8
68,104,20
57,111,20
58,10E,6
54,10C,760
69,10D,6
69,104,21
57,111,21
57,10C,739
69,10D,6
55,104,22
56,111,21
58,10B,45
55,10C,751
69,10D,5
68,104,22
57,111,21
57,110,5
55,10C,757
70,10D,4
67,104,21
58,111,21
58,10E,5
53,10C,766
76,10D,3
70,104,21
55,111,21
63,10C,768
75,10D,3
58,104,21
55,111,20
55,10B,44
57,10C,748
69,10D,2
64,104,20
55,111,20
57,110,5
56,10C,746
68,10D,1
69,104,20
56,111,20
56,10E,5
59,10C,743
74,10D,1
55,104,21
56,111,20
57,10C,714
68,10D,0
70,104,20
56,111,20
56,10B,43
57,10C,706
68,10D,0
57,104,21
56,111,20
56,110,4
57,10C,702
69,10D,0
56,104,21
74,111,20
63,10E,5
56,10C,712
70,10D,0
56,104,20
56,111,20
63,10C,706
68,10D,0
57,104,20
56,111,20
57,10B,43
57,10C,696
67,10D,0
57,104,20
56,111,20
58,110,4
55,10C,683
68,10D,0
58,104,21
55,111,20
62,10E,12
58,10C,662
67,10D,0
58,104,20
56,111,20
56,10C,664
69,10D,0
56,104,24
55,111,21
58,10B,48
55,10C,654
70,10D,0
56,104,27
57,111,21
56,110,5
57,10C,638
68,10D,0
56,104,28
56,111,21
58,10E,2
55,10C,656
68,10D,0
57,104,28
56,111,21
56,10C,646
70,10D,0
56,104,27
56,111,21
56,10B,54
56,10C,670
69,10D,0
56,104,27
58,111,21
55,110,5
56,10C,665
69,10D,0
57,104,25
56,111,21
57,10E,-1
55,10C,678
72,10D,0
54,104,26
55,111,21
58,10C,684
68,10D,0
57,104,24
56,111,21
56,10B,53
57,10C,694
68,10D,0
57,104,25
56,111,21
62,110,5
57,10C,694
68,10D,0
58,104,24
55,111,21
58,10E,0
54,10C,704
75,10D,0
57,104,23
56,111,21
58,10C,708
74,10D,0
56,104,22
57,111,21
56,10B,48
56,10C,700
69,10D,0
56,104,22
57,111,20
56,110,4
56,10C,701
69,10D,0
56,104,21
56,111,20
57,10E,2
56,10C,702
69,10D,0
56,104,21
56,111,20
58,10C,703
67,10D,0
60,104,21
72,111,20
63,10B,45
56,10C,681
75,10D,0
57,104,20
55,111,20
57,110,4
56,10C,702
69,10D,0
56,104,21
56,111,20
57,10E,3
56,10C,702
69,10D,0
56,104,20
56,111,20
60,10C,702
72,10D,0
56,104,20
63,111,20
59,10B,43
54,10C,690
70,10D,0
55,104,20
56,111,20
56,110,4
59,10C,679
73,10D,0
57,104,21
55,111,20
56,10E,3
59,10C,689
73,10D,0
56,104,20
57,111,20
55,10C,683
75,10D,0
61,104,20
53,111,20
56,10B,43
56,10C,686
69,10D,0
56,104,20
59,111,20
62,110,4
55,10C,675
69,10D,0
55,104,21
60,111,20
59,10E,5
57,10C,689
69,10D,0
55,104,20
60,111,20
60,10C,672
68,10D,0
57,104,19
55,111,20
58,10B,44
56,10C,681
70,10D,0
55,104,20
57,111,20
56,110,4
58,10C,677
74,10D,0
55,104,20
57,111,20
56,10E,4
56,10C,681
69,10D,0
62,104,20
57,111,20
56,10C,675
76,10D,0
56,104,20
56,111,20
62,10B,43
58,10C,676
75,10D,0
55,104,20
56,111,20
58,110,4
58,10C,674
72,10D,0
56,104,20
57,111,20
56,10E,5
57,10C,677
68,10D,0
56,104,19
56,111,20
57,10C,685
68,10D,0
58,104,20
55,111,20
62,10B,43
58,10C,687
68,10D,0
57,104,21
56,111,20
56,110,4
57,10C,675
69,10D,0
74,104,20
56,111,20
57,10E,5
57,10C,675
74,10D,0
56,104,20
56,111,20
57,10C,676
68,10D,0
58,104,20
56,111,20
61,10B,43
57,10C,678
69,10D,0
57,104,20
56,111,20
56,110,4
57,10C,675
68,10D,0
63,104,20
56,111,20
57,10E,6
56,10C,677
70,10D,0
55,104,20
56,111,20
56,10C,679
69,10D,0
58,104,20
56,111,20
55,10B,43
56,10C,677
69,10D,0
57,104,19
55,111,20
58,110,4
55,10C,672
70,10D,0
56,104,20
56,111,20
57,10E,7
59,10C,673
72,10D,0
56,104,20
56,111,20
58,10C,675
67,10D,0
56,104,20
58,111,20
55,10B,43
56,10C,666
70,10D,0
55,104,21
57,111,20
59,110,4
53,10C,667
69,10D,0
56,104,21
57,111,20
56,10E,6
58,10C,671
68,10D,0
56,104,20
56,111,20
56,10C,682
69,10D,0
57,104,20
56,111,20
59,10B,43
60,10C,692
75,10D,0
56,104,20
57,111,21
56,110,5
56,10C,747
68,10D,0
58,104,39
55,111,26
61,10E,22
52,10C,1015
69,10D,1
68,104,26
58,111,26
55,10C,1240
70,10D,2
68,104,27
59,111,28
60,10B,54
56,10C,1306
69,10D,3
68,104,37
56,111,29
57,110,16
57,10C,1438
69,10D,5
69,104,39
56,111,30
57,10E,37
55,10C,1529
70,10D,6
68,104,45
57,111,31
55,10C,1585
88,10D,8
69,104,41
56,111,31
56,10B,68
57,10C,1615
68,10D,10
70,104,42
60,111,31
59,110,18
56,10C,1609
76,10D,12
68,104,44
56,111,32
62,10E,37
57,10C,1649
68,10D,14
69,104,47
57,111,33
62,10C,1712
71,10D,16
67,104,53
56,111,35
57,10B,85
59,10C,1853
73,10D,17
68,104,48
60,111,35
58,110,25
57,10C,1952
68,10D,19
71,104,49
55,111,35
56,10E,37
60,10C,2036
71,10D,21
70,104,47
59,111,35
61,10C,2135
66,10D,22
70,104,45
56,111,34
58,10B,77
55,10C,2268
69,10D,24
68,104,47
58,111,34
55,110,30
61,10C,2361
74,10D,25
64,104,47
61,111,34
60,10E,9
55,10C,2211
69,10D,26
69,104,59
56,111,36
56,10C,1970
70,10D,27
68,104,75
57,111,41
55,10B,94
60,10C,2070
74,10D,29
68,104,61
57,111,41
64,110,36
53,10C,2128
75,10D,31
70,104,63
55,111,40
56,10E,33
56,10C,2186
70,10D,32
69,104,60
56,111,38
56,10C,2210
70,10D,33
67,104,58
57,111,37
56,10B,84
57,10C,2232
68,10D,35
71,104,60
55,111,37
55,110,36
57,10C,2286
69,10D,37
69,104,58
56,111,36
56,10E,36
58,10C,2346
68,10D,38
68,104,54
57,111,35
56,10C,2380
69,10D,39
70,104,54
56,111,35
56,10B,72
69,10C,2426
74,10D,40
68,104,51
58,111,35
57,110,34
55,10C,2482
69,10D,41
69,104,51
56,111,35
56,10E,39
58,10C,2535
67,10D,42
69,104,49
56,111,35
58,10C,2556
67,10D,43
70,104,50
62,111,35
57,10B,70
57,10C,2470
67,10D,44
69,104,58
56,111,36
57,110,33
56,10C,1961
69,10D,44
56,104,58
57,111,37
56,10E,35
57,10C,2011
69,10D,45
69,104,58
55,111,38
57,10C,2024
68,10D,46
69,104,57
56,111,38
57,10B,90
56,10C,2054
71,10D,46
55,104,58
55,111,38
57,110,31
56,10C,2095
70,10D,47
68,104,58
57,111,37
61,10E,35
58,10C,2100
67,10D,48
69,104,58
57,111,37
56,10C,2102
70,10D,49
67,104,59
57,111,36
56,10B,84
57,10C,2112
69,10D,49
56,104,50
56,111,36
57,110,30
56,10C,2070
69,10D,50
68,104,54
58,111,36
61,10E,35
56,10C,2111
70,10D,51
68,104,53
56,111,36
56,10C,2134
69,10D,52
70,104,54
56,111,36
56,10B,83
55,10C,2145
70,10D,52
56,104,54
57,111,36
56,110,31
58,10C,2157
74,10D,53
68,104,53
56,111,36
56,10E,36
57,10C,2167
69,10D,54
70,104,54
54,111,36
58,10C,2166
68,10D,54
57,104,52
56,111,35
56,10B,79
56,10C,2177
69,10D,55
69,104,51
57,111,35
55,110,30
75,10C,2203
76,10D,56
68,104,50
57,111,35
56,10E,37
56,10C,2205
69,10D,56
57,104,46
57,111,34
56,10C,2210
74,10D,56
57,104,45
55,111,33
58,10B,71
56,10C,2167
75,10D,56
55,104,45
57,111,33
58,110,25
54,10C,1939
72,10D,57
66,104,52
58,111,34
55,10E,37
57,10C,1842
68,10D,57
57,104,50
56,111,35
57,10C,1724
68,10D,58
69,104,51
55,111,36
57,10B,88
56,10C,1683
70,10D,58
55,104,53
59,111,36
63,110,23
54,10C,1675
69,10D,58
56,104,52
56,111,36
57,10E,35
59,10C,1661
72,10D,59
68,104,54
59,111,37
61,10C,1665
69,10D,59
56,104,54
57,111,37
57,10B,90
55,10C,1668
69,10D,60
68,104,52
58,111,36
55,110,23
56,10C,1669
69,10D,60
59,104,51
54,111,36
58,10E,36
54,10C,1680
71,10D,60
61,104,50
55,111,36
58,10C,1692
67,10D,61
71,104,51
55,111,36
58,10B,90
55,10C,1713
70,10D,61
56,104,52
57,111,36
55,110,24
57,10C,1728
67,10D,61
59,104,51
54,111,36
57,10E,36
56,10C,1738
69,10D,62
68,104,51
57,111,36
58,10C,1749
73,10D,62
59,104,50
54,111,35
56,10B,87
57,10C,1743
70,10D,62
55,104,46
58,111,34
60,110,21
57,10C,1742
68,10D,63
69,104,43
56,111,32
57,10E,39
69,10C,1736
75,10D,63
56,104,40
58,111,32
55,10C,1740
75,10D,63
57,104,41
55,111,32
57,10B,76
56,10C,1750
71,10D,63
54,104,35
58,111,30
55,110,16
62,10C,1743
71,10D,63
54,104,35
57,111,30
56,10E,40
57,10C,1747
67,10D,63
57,104,36
57,111,30
56,10C,1756
70,10D,63
55,104,34
57,111,30
56,10B,64
56,10C,1772
69,10D,64
69,104,34
56,111,30
56,110,17
57,10C,1776
69,10D,64
56,104,35
56,111,30
56,10E,41
56,10C,1784
70,10D,64
55,104,32
57,111,30
57,10C,1788
70,10D,64
55,104,34
56,111,30
56,10B,60
57,10C,1788
68,10D,64
57,104,23
56,111,26
56,110,11
57,10C,1773
68,10D,64
57,104,24
56,111,27
56,10E,43
57,10C,1844
68,10D,64
57,104,24
57,111,27
56,10C,1840
68,10D,64
63,104,24
56,111,27
56,10B,39
57,10C,1834
69,10D,63
68,104,25
56,111,27
58,110,12
54,10C,1834
71,10D,63
55,104,25
57,111,27
56,10E,43
57,10C,1823
69,10D,63
56,104,25
56,111,27
56,10C,1818
70,10D,63
55,104,28
56,111,28
56,10B,44
58,10C,1661
67,10D,63
58,104,32
57,111,28
62,110,13
56,10C,1421
68,10D,63
57,104,31
56,111,27
55,10E,37
58,10C,1382
68,10D,63
59,104,30
54,111,27
75,10C,1394
74,10D,63
57,104,30
57,111,27
55,10B,59
57,10C,1418
68,10D,63
57,104,29
56,111,28
56,110,12
57,10C,1429
75,10D,62
69,104,30
63,111,28
60,10E,37
52,10C,1361
70,10D,63
68,104,29
57,111,27
55,10C,1307
70,10D,63
56,104,31
56,111,27
56,10B,63
59,10C,1286
73,10D,62
68,104,31
57,111,28
57,110,11
55,10C,1292
70,10D,62
55,104,32
56,111,27
60,10E,36
53,10C,1282
70,10D,62
56,104,30
55,111,28
57,10C,1273
75,10D,62
57,104,30
55,111,27
56,10B,63
58,10C,1272
68,10D,62
57,104,28
57,111,27
55,110,10
57,10C,1252
68,10D,62
57,104,27
56,111,25
57,10E,35
56,10C,1231
71,10D,62
53,104,25
57,111,25
56,10C,1244
69,10D,62
56,104,25
60,111,25
59,10B,53
63,10C,1244
68,10D,62
61,104,25
59,111,25
56,110,9
57,10C,1258
76,10D,62
54,104,25
57,111,25
56,10E,36
56,10C,1252
69,10D,62
58,104,13
55,111,19
56,10C,1212
70,10D,62
56,104,10
55,111,19
56,10B,32
57,10C,1211
70,10D,62
55,104,11
56,111,20
56,110,4
58,10C,1172
68,10D,61
69,104,12
56,111,19
57,10E,10
56,10C,1024
75,10D,61
56,104,13
56,111,20
58,10C,1044
67,10D,60
70,104,12
56,111,19
58,10B,29
73,10C,1047
77,10D,59
67,104,12
59,111,19
60,110,4
56,10C,1030
69,10D,59
56,104,12
57,111,19
55,10E,23
58,10C,1016
74,10D,58
69,104,12
58,111,19
63,10C,1009
74,10D,57
67,104,12
57,111,18
56,10B,28
57,10C,969
68,10D,56
70,104,12
57,111,19
61,110,3
56,10C,953
69,10D,55
71,104,12
54,111,18
58,10E,27
55,10C,934
71,10D,54
67,104,12
57,111,18
55,10C,918
76,10D,53
68,104,12
56,111,18
63,10B,29
58,10C,903
67,10D,51
69,104,12
57,111,18
61,110,3
56,10C,914
70,10D,50
72,104,11
53,111,18
56,10E,16
56,10C,952
69,10D,49
69,104,11
56,111,18
57,10C,950
69,10D,48
69,104,11
56,111,18
56,10B,28
57,10C,938
68,10D,48
59,104,11
54,111,19
56,110,3
64,10C,952
67,10D,47
69,104,12
56,111,19
58,10E,18
55,10C,987
71,10D,46
68,104,12
55,111,19
57,10C,993
68,10D,45
69,104,12
56,111,19
56,10B,29
57,10C,982
68,10D,45
57,104,13
56,111,20
56,110,4
57,10C,994
69,10D,44
69,104,13
56,111,20
57,10E,17
56,10C,1001
68,10D,44
57,104,13
56,111,20
56,10C,1032
69,10D,43
69,104,13
56,111,20
64,10B,29
56,10C,999
67,10D,43
57,104,13
57,111,19
55,110,4
57,10C,971
88,10D,42
75,104,13
57,111,19
56,10E,19
55,10C,976
69,10D,40
73,104,12
53,111,18
55,10C,965
70,10D,39
70,104,12
61,111,19
58,10B,29
55,10C,938
70,10D,37
67,104,12
58,111,18
61,110,3
57,10C,980
69,10D,36
68,104,12
57,111,19
56,10E,24
56,10C,1056
69,10D,34
68,104,12
57,111,19
56,10C,1021
71,10D,33
67,104,12
57,111,19
56,10B,28
59,10C,955
72,10D,31
70,104,14
55,111,20
56,110,4
57,10C,944
68,10D,30
70,104,14
55,111,20
57,10E,20
58,10C,952
73,10D,28
70,104,14
55,111,20
57,10C,965
68,10D,27
70,104,14
55,111,20
64,10B,32
56,10C,957
69,10D,26
68,104,14
57,111,20
58,110,4
54,10C,912
70,10D,25
67,104,15
58,111,19
55,10E,15
76,10C,853
75,10D,23
69,104,14
56,111,19
60,10C,809
73,10D,22
67,104,16
60,111,19
60,10B,33
55,10C,759
70,10D,20
68,104,16
56,111,19
56,110,3
58,10C,715
67,10D,19
69,104,16
56,111,19
57,10E,13
56,10C,694
69,10D,18
69,104,18
58,111,19
63,10C,676
72,10D,17
69,104,19
56,111,20
57,10B,39
58,10C,665
76,10D,15
66,104,20
57,111,20
56,110,4
56,10C,716
69,10D,14
71,104,19
54,111,20
57,10E,5
56,10C,713
68,10D,12
90,104,18
63,111,20
54,10C,724
70,10D,11
67,104,18
58,111,20
55,10B,40
57,10C,727
68,10D,9
69,104,18
57,111,20
62,110,4
57,10C,745
68,10D,8
71,104,18
54,111,20
58,10E,10
55,10C,764
69,10D,7
69,104,18
55,111,20
58,10C,779
68,10D,7
57,104,18
57,111,23
55,10B,43
57,10C,828
68,10D,8
71,104,34
54,111,25
56,110,10
57,10C,1072
69,10D,8
56,104,27
59,111,26
60,10E,29
56,10C,1225
69,10D,9
69,104,32
56,111,28
57,10C,1277
68,10D,10
70,104,36
55,111,30
57,10B,61
58,10C,1404
74,10D,11
67,104,41
58,111,30
55,110,16
58,10C,1534
68,10D,12
69,104,38
56,111,30
56,10E,38
57,10C,1580
68,10D,14
70,104,39
56,111,30
57,10C,1613
74,10D,15
69,104,39
56,111,30
57,10B,64
55,10C,1657
69,10D,16
69,104,40
57,111,32
55,110,20
57,10C,1746
68,10D,18
71,104,45
55,111,33
56,10E,39
57,10C,1878
68,10D,19
69,104,44
56,111,34
57,10C,1977
68,10D,20
69,104,44
56,111,34
57,10B,80
57,10C,2081
70,10D,22
68,104,45
54,111,34
58,110,26
55,10C,2208
70,10D,23
68,104,43
57,111,33
56,10E,39
56,10C,2302
69,10D,24
70,104,45
56,111,34
55,10C,2289
69,10D,25
71,104,54
73,111,35
63,10B,81
56,10C,1839
69,10D,27
68,104,56
57,111,36
57,110,28
56,10C,1980
69,10D,28
68,104,54
63,111,37
56,10E,35
56,10C,1991
70,10D,30
68,104,54
57,111,37
62,10C,2039
69,10D,31
69,104,54
56,111,37
56,10B,88
58,10C,2080
67,10D,32
70,104,54
55,111,36
56,110,31
57,10C,2130
69,10D,33
69,104,54
56,111,36
56,10E,36
57,10C,2179
69,10D,35
68,104,50
57,111,35
56,10C,2223
68,10D,36
69,104,46
57,111,34
56,10B,74
56,10C,2264
70,10D,37
69,104,48
56,111,34
56,110,29
56,10C,2309
69,10D,38
68,104,47
57,111,34
57,10E,39
55,10C,2356
69,10D,39
69,104,43
56,111,33
57,10C,2382
69,10D,40
69,104,42
56,111,33
56,10B,61
63,10C,2188
68,10D,40
57,104,49
57,111,32
62,110,23
56,10C,1766
68,10D,41
69,104,47
56,111,34
58,10E,38
56,10C,1818
68,10D,42
69,104,44
56,111,34
58,10C,1849
67,10D,42
58,104,45
55,111,32
56,10B,76
58,10C,1805
73,10D,43
69,104,37
57,111,31
57,110,18
55,10C,1773
71,10D,43
55,104,38
56,111,31
56,10E,40
57,10C,1757
68,10D,44
69,104,38
57,111,31
63,10C,1769
74,10D,44
56,104,36
56,111,31
58,10B,70
55,10C,1780
69,10D,44
69,104,36
63,111,31
56,110,18
56,10C,1787
69,10D,45
68,104,23
57,111,24
56,10E,42
61,10C,1717
77,10D,45
57,104,12
56,111,21
59,10C,1657
74,10D,45
54,104,12
58,111,21
55,10B,26
58,10C,1610
67,10D,44
70,104,14
55,111,21
60,110,5
52,10C,1540
71,10D,44
54,104,12
58,111,21
55,10E,24
60,10C,1498
73,10D,44
55,104,13
59,111,21
63,10C,1434
74,10D,44
55,104,12
56,111,20
56,10B,25
58,10C,1346
74,10D,43
69,104,12
58,111,20
60,110,5
58,10C,1401
73,10D,43
59,104,14
54,111,22
56,10E,33
57,10C,1477
75,10D,43
58,104,13
54,111,21
58,10C,1438
67,10D,42
64,104,13
59,111,20
59,10B,25
56,10C,1333
70,10D,42
56,104,13
62,111,20
63,110,4
57,10C,1283
67,10D,41
69,104,12
56,111,20
64,10E,20
57,10C,1248
68,10D,40
68,104,12
57,111,20
56,10C,1219
69,10D,39
68,104,13
57,111,20
56,10B,26
57,10C,1166
74,10D,37
70,104,12
55,111,20
56,110,4
57,10C,1125
69,10D,35
70,104,13
56,111,20
55,10E,19
57,10C,1091
68,10D,34
73,104,14
52,111,20
57,10C,1056
68,10D,32
72,104,14
54,111,20
55,10B,29
58,10C,1034
75,10D,31
68,104,14
56,111,20
58,110,4
55,10C,1019
88,10D,29
69,104,14
56,111,20
58,10E,17
55,10C,987
68,10D,27
69,104,14
58,111,20
61,10C,925
76,10D,26
68,104,14
56,111,20
57,10B,31
57,10C,898
68,10D,25
68,104,14
57,111,19
56,110,3
56,10C,871
72,10D,23
66,104,15
56,111,19
57,10E,15
55,10C,831
71,10D,23
55,104,15
57,111,19
56,10C,801
70,10D,23
55,104,15
56,111,19
57,10B,33
56,10C,773
69,10D,22
68,104,17
56,111,19
58,110,3
56,10C,746
70,10D,21
66,104,16
58,111,19
56,10E,9
55,10C,745
72,10D,20
67,104,16
56,111,18
56,10C,705
72,10D,20
53,104,16
56,111,18
57,10B,35
56,10C,679
69,10D,19
69,104,17
57,111,19
56,110,3
56,10C,698
70,10D,18
67,104,18
57,111,19
62,10E,9
57,10C,697
68,10D,18
57,104,17
57,111,19
55,10C,686
70,10D,17
68,104,18
57,111,19
55,10B,38
57,10C,667
69,10D,16
69,104,18
56,111,20
57,110,4
56,10C,660
70,10D,15
67,104,20
58,111,20
61,10E,5
56,10C,708
68,10D,14
70,104,19
57,111,20
56,10C,717
68,10D,12
69,104,18
57,111,20
56,10B,40
57,10C,715
68,10D,11
63,104,17
57,111,20
55,110,4
56,10C,748
70,10D,9
68,104,17
56,111,20
63,10E,11
56,10C,763
69,10D,8
68,104,18
75,111,20
64,10C,784
68,10D,7
69,104,19
56,111,20
58,10B,40
55,10C,754
69,10D,5
75,104,20
56,111,21
56,110,4
57,10C,761
69,10D,5
56,104,21
57,111,20
55,10E,13
57,10C,754
69,10D,3
71,104,20
54,111,20
56,10C,749
69,10D,2
68,104,20
57,111,21
56,10B,43
56,10C,753
71,10D,1
67,104,21
57,111,20
56,110,4
57,10C,739
68,10D,0
70,104,20
55,111,20
57,10E,6
56,10C,725
72,10D,0
52,104,21
58,111,20
55,10C,731
70,10D,0
55,104,20
59,111,20
61,10B,42
55,10C,719
71,10D,0
55,104,19
56,111,20
56,110,4
57,10C,717
69,10D,0
56,104,19
56,111,20
59,10E,6
54,10C,712
75,10D,0
56,104,19
56,111,20
60,10C,704
74,10D,0
61,104,20
55,111,20
58,10B,42
55,10C,690
70,10D,0
56,104,20
56,111,20
56,110,4
58,10C,682
76,10D,0
54,104,20
56,111,20
56,10E,6
63,10C,694
71,10D,0
54,104,20
56,111,20
58,10C,678
67,10D,0
56,104,20
58,111,20
55,10B,42
56,10C,687
69,10D,0
56,104,20
58,111,20
61,110,4
57,10C,676
69,10D,0
56,104,20
57,111,20
56,10E,8
55,10C,674
71,10D,0
55,104,20
57,111,20
56,10C,678
69,10D,0
56,104,20
57,111,20
55,10B,42
57,10C,677
68,10D,0
57,104,20
68,111,20
63,110,4
56,10C,680
70,10D,0
57,104,20
54,111,20
58,10E,6
55,10C,684
76,10D,0
58,104,21
54,111,20
57,10C,676
68,10D,0
57,104,19
56,111,20
58,10B,43
55,10C,689
74,10D,0
57,104,20
56,111,20
57,110,4
56,10C,683
74,10D,0
58,104,19
55,111,20
57,10E,6
56,10C,694
75,10D,0
57,104,20
56,111,20
58,10C,680
67,10D,0
58,104,20
55,111,20
56,10B,42
56,10C,680
69,10D,0
56,104,19
58,111,20
56,110,4
55,10C,674
69,10D,0
56,104,20
57,111,20
56,10E,6
56,10C,668
73,10D,0
54,104,20
54,111,20
58,10C,675
75,10D,0
57,104,18
55,111,20
55,10B,42
58,10C,682
68,10D,0
58,104,19
58,111,20
59,110,4
57,10C,683
74,10D,0
61,104,20
58,111,20
57,10E,6
56,10C,680
70,10D,0
57,104,20
54,111,20
56,10C,686
69,10D,0
56,104,20
58,111,20
57,10B,42
54,10C,681
76,10D,0
56,104,21
57,111,20
56,110,4
56,10C,677
70,10D,0
55,104,21
57,111,20
56,10E,8
57,10C,674
68,10D,0
57,104,19
56,111,20
56,10C,681
68,10D,0
57,104,20
56,111,20
57,10B,42
56,10C,687
70,10D,0
56,104,19
55,111,20
56,110,4
59,10C,680
67,10D,0
58,104,20
54,111,20
56,10E,7
58,10C,681
68,10D,0
75,104,21
56,111,20
57,10C,671
68,10D,0
59,104,20
54,111,20
56,10B,43
64,10C,684
67,10D,0
61,104,20
52,111,20
56,110,4
56,10C,674
69,10D,0
56,104,20
59,111,20
55,10E,8
55,10C,673
70,10D,0
56,104,19
57,111,20
62,10C,680
75,10D,0
56,104,20
57,111,20
62,10B,42
57,10C,678
68,10D,0
56,104,20
57,111,20
59,110,4
54,10C,686
75,10D,0
55,104,21
57,111,20
57,10E,8
55,10C,688
70,10D,0
56,104,20
56,111,20
57,10C,682
68,10D,0
57,104,20
58,111,20
54,10B,42
57,10C,688
68,10D,0
57,104,20
56,111,20
62,110,4
58,10C,685
68,10D,0
58,104,19
55,111,20
55,10E,8
57,10C,685
69,10D,0
58,104,20
55,111,20
65,10C,683
73,10D,0
55,104,20
57,111,20
56,10B,43
56,10C,681
69,10D,0
59,104,20
54,111,20
56,110,4
56,10C,673
69,10D,0
56,104,21
59,111,20
54,10E,8
56,10C,686
69,10D,0
56,104,20
56,111,20
59,10C,675
67,10D,0
58,104,20
54,111,20
56,10B,43
57,10C,665
68,10D,0
58,104,20
57,111,20
61,110,4
57,10C,684
68,10D,0
57,104,20
57,111,20
55,10E,8
57,10C,681
68,10D,0
56,104,20
57,111,20
57,10C,681
69,10D,0
57,104,20
54,111,20
57,10B,42
56,10C,675
69,10D,0
75,104,20
57,111,20
56,110,4
55,10C,676
72,10D,0
54,104,20
57,111,20
63,10E,8
55,10C,678
71,10D,0
54,104,20
57,111,20
56,10C,674
69,10D,0
57,104,21
55,111,20
57,10B,43
56,10C,718
68,10D,0
57,104,22
56,111,21
59,110,5
54,10C,764
68,10D,0
58,104,25
55,111,25
56,10E,22
58,10C,929
68,10D,1
69,104,28
57,111,26
55,10C,1144
69,10D,2
64,104,29
55,111,26
57,10B,51
58,10C,1262
66,10D,3
70,104,33
55,111,28
57,110,13
56,10C,1309
69,10D,4
69,104,38
56,111,29
57,10E,36
58,10C,1423
73,10D,6
68,104,37
57,111,29
57,10C,1470
68,10D,7
69,104,38
56,111,29
57,10B,61
56,10C,1479
69,10D,9
69,104,36
64,111,29
55,110,15
55,10C,1486
70,10D,11
68,104,36
57,111,29
56,10E,37
57,10C,1489
74,10D,12
69,104,36
56,111,29
58,10C,1504
68,10D,13
69,104,36
55,111,30
59,10B,67
54,10C,1524
68,10D,15
65,104,35
55,111,30
63,110,16
56,10C,1590
69,10D,16
69,104,37
56,111,30
57,10E,39
55,10C,1650
71,10D,17
66,104,36
57,111,30
57,10C,1708
68,10D,18
69,104,35
57,111,30
56,10B,66
56,10C,1802
70,10D,19
67,104,32
58,111,28
57,110,11
54,10C,1846
70,10D,19
55,104,17
76,111,23
63,10E,45
56,10C,1805
69,10D,20
70,104,22
54,111,26
151,10C,1852
69,10D,20
56,104,21
56,111,27
57,10B,35
56,10C,1872
68,10D,20
57,104,24
57,111,27
56,110,12
56,10C,1890
69,10D,21
69,104,18
57,111,25
55,10E,45
57,10C,1880
69,10D,21
56,104,16
56,111,23
58,10C,1861
67,10D,21
56,104,15
57,111,22
56,10B,26
56,10C,1761
69,10D,21
56,104,14
61,111,21
58,110,6
56,10C,1465
69,10D,20
70,104,13
55,111,20
57,10E,39
56,10C,1164
69,10D,20
57,104,12
56,111,20
56,10C,1047
69,10D,20
56,104,16
56,111,21
60,10B,32
53,10C,1051
72,10D,20
53,104,22
57,111,25
56,110,10
58,10C,1203
161,10D,22
68,104,34
58,111,28
55,10E,31
56,10C,1342
69,10D,20
69,104,36
56,111,29
59,10C,1386
73,10D,21
69,104,42
58,111,31
54,10B,67
59,10C,1538
73,10D,21
56,104,49
58,111,32
54,110,21
57,10C,1687
68,10D,22
71,104,45
56,111,32
56,10E,38
55,10C,1734
70,10D,24
68,104,44
57,111,32
56,10C,1749
69,10D,24
57,104,44
57,111,33
61,10B,77
56,10C,1789
74,10D,26
70,104,48
55,111,34
59,110,24
54,10C,1830
71,10D,27
67,104,48
58,111,35
55,10E,37
56,10C,1911
69,10D,28
251,104,48
62,111,35
62,10C,1946
69,10D,30
70,104,46
149,111,35
57,10B,83
56,10C,1980
71,10D,32
66,104,47
58,111,35
56,110,26
55,10C,2035
69,10D,33
69,104,48
56,111,36
57,10E,37
55,10C,2111
69,10D,34
70,104,49
56,111,35
56,10C,2161
69,10D,35
68,104,50
58,111,35
55,10B,80
59,10C,2224
72,10D,36
70,104,50
55,111,35
57,110,30
57,10C,2300
68,10D,38
69,104,48
56,111,34
58,10E,39
56,10C,2337
69,10D,39
67,104,46
56,111,34
57,10C,2385
69,10D,40
69,104,45
56,111,33
57,10B,64
57,10C,2419
68,10D,40
57,104,49
55,111,34
57,110,31
56,10C,1977
68,10D,41
69,104,64
56,111,40
151,10E,32
56,10C,2034
69,10D,42
69,104,62
56,111,43
56,10C,2083
70,10D,43
68,104,63
57,111,40
57,10B,92
56,10C,2124
69,10D,44
69,104,63
56,111,39
55,110,36
56,10C,2143
70,10D,46
68,104,62
57,111,39
56,10E,33
56,10C,2133
69,10D,47
69,104,59
56,111,38
57,10C,2149
69,10D,48
68,104,58
56,111,37
56,10B,86
57,10C,2124
68,10D,49
69,104,59
56,111,37
58,110,33
58,10C,2147
73,10D,50
68,104,58
57,111,37
56,10E,35
56,10C,2170
69,10D,51
68,104,58
57,111,37
57,10C,2175
212,10D,52
69,104,58
58,111,37
55,10B,84
58,10C,2209
73,10D,53
69,104,59
56,111,37
56,110,34
56,10C,2225
70,10D,54
68,104,54
57,111,35
57,10E,36
55,10C,2179
71,10D,55
67,104,47
57,111,34
55,10C,2180
70,10D,55
55,104,47
57,111,34
57,10B,77
55,10C,2197
70,10D,56
68,104,48
56,111,34
57,110,29
56,10C,2214
70,10D,56
56,104,49
55,111,34
58,10E,24
55,10C,2205
69,10D,57
69,104,49
56,111,35
58,10C,1998
67,10D,57
58,104,55
55,111,36
55,10B,86
58,10C,1958
68,10D,57
57,104,54
57,111,36
55,110,28
57,10C,1968
68,10D,58
69,104,53
56,111,36
57,10E,35
56,10C,1977
68,10D,59
70,104,50
56,111,35
57,10C,1963
68,10D,59
56,104,49
57,111,35
55,10B,85
61,10C,1956
71,10D,60
69,104,50
56,111,35
57,110,26
59,10C,1962
72,10D,60
56,104,47
56,111,34
57,10E,37
59,10C,1939
73,10D,60
55,104,49
58,111,34
56,10C,1948
70,10D,61
67,104,48
57,111,34
56,10B,83
57,10C,1946
67,10D,61
58,104,46
55,111,34
56,110,24
57,10C,1940
69,10D,62
68,104,46
57,111,34
56,10E,38
58,10C,1895
76,10D,62
54,104,42
57,111,32
56,10C,1864
69,10D,62
56,104,42
56,111,32
56,10B,76
75,10C,1862
76,10D,63
70,104,41
55,111,32
62,110,20
56,10C,1846
69,10D,63
56,104,39
57,111,32
57,10E,40
55,10C,1845
70,10D,63
56,104,40
56,111,32
56,10C,1839
71,10D,64
66,104,37
57,111,31
56,10B,71
56,10C,1816
70,10D,64
55,104,38
57,111,31
63,110,17
57,10C,1808
74,10D,64
56,104,36
57,111,31
56,10E,41
56,10C,1806
69,10D,64
56,104,36
57,111,30
57,10C,1800
67,10D,64
57,104,30
56,111,29
57,10B,58
56,10C,1797
75,10D,64
56,104,33
56,111,29
57,110,15
58,10C,1783
67,10D,64
57,104,30
58,111,29
54,10E,41
56,10C,1779
69,10D,65
71,104,29
54,111,29
56,10C,1878
75,10D,65
57,104,28
56,111,29
56,10B,46
56,10C,1853
70,10D,64
69,104,29
56,111,28
55,110,13
58,10C,1577
68,10D,64
57,104,30
58,111,27
60,10E,37
57,10C,1398
68,10D,64
57,104,28
57,111,26
55,10C,1397
70,10D,64
55,104,27
58,111,26
63,10B,53
54,10C,1398
69,10D,64
56,104,27
57,111,26
56,110,11
56,10C,1393
70,10D,64
56,104,27
57,111,27
55,10E,37
56,10C,1405
77,10D,64
55,104,27
57,111,27
56,10C,1400
68,10D,64
57,104,28
57,111,27
63,10B,54
56,10C,1390
67,10D,64
58,104,27
55,111,27
56,110,11
78,10C,1356
74,10D,64
61,104,27
57,111,26
56,10E,37
57,10C,1333
74,10D,64
56,104,28
57,111,26
56,10C,1319
69,10D,64
58,104,28
55,111,26
56,10B,56
56,10C,1310
70,10D,64
55,104,28
58,111,26
62,110,10
56,10C,1294
69,10D,64
56,104,27
56,111,27
57,10E,36
57,10C,1291
68,10D,64
56,104,28
56,111,26
58,10C,1286
67,10D,64
62,104,29
58,111,27
55,10B,59
57,10C,1271
68,10D,63
71,104,28
55,111,26
56,110,10
57,10C,1277
69,10D,63
56,104,29
56,111,27
56,10E,36
57,10C,1272
68,10D,63
58,104,29
55,111,27
57,10C,1265
68,10D,64
70,104,31
55,111,28
56,10B,64
64,10C,1280
67,10D,63
70,104,33
56,111,28
56,110,12
57,10C,1258
70,10D,63
55,104,32
56,111,29
56,10E,35
57,10C,1267
68,10D,63
57,104,36
56,111,29
56,10C,1255
69,10D,63
56,104,36
56,111,29
58,10B,74
55,10C,1256
70,10D,64
67,104,35
59,111,29
54,110,13
56,10C,1250
70,10D,63
72,104,36
53,111,30
56,10E,35
57,10C,1257
70,10D,64
67,104,37
58,111,30
54,10C,1257
76,10D,64
58,104,36
62,111,30
55,10B,76
55,10C,1265
70,10D,64
56,104,40
57,111,31
59,110,14
54,10C,1269
74,10D,64
58,104,38
55,111,30
57,10E,34
75,10C,1261
81,10D,64
58,104,37
54,111,30
57,10C,1275
68,10D,64
58,104,38
55,111,30
59,10B,78
54,10C,1278
70,10D,64
55,104,38
57,111,30
56,110,14
58,10C,1296
73,10D,64
56,104,29
57,111,25
55,10E,35
59,10C,1255
67,10D,64
61,104,23
58,111,25
56,10C,1266
70,10D,64
55,104,25
59,111,25
54,10B,53
58,10C,1286
73,10D,64
56,104,25
58,111,25
55,110,9
56,10C,1303
69,10D,64
56,104,24
56,111,26
60,10E,37
53,10C,1314
69,10D,64
56,104,25
58,111,25
55,10C,1308
75,10D,64
58,104,26
54,111,25
57,10B,51
56,10C,1313
69,10D,64
57,104,25
63,111,25
62,110,10
58,10C,1298
74,10D,64
56,104,25
55,111,25
57,10E,36
57,10C,1295
69,10D,64
56,104,26
55,111,26
56,10C,1287
70,10D,64
56,104,27
57,111,26
56,10B,53
55,10C,1297
70,10D,64
56,104,27
57,111,26
56,110,10
56,10C,1285
69,10D,64
57,104,30
56,111,28
56,10E,36
56,10C,1316
69,10D,64
56,104,31
58,111,28
61,10C,1314
68,10D,64
58,104,34
55,111,29
57,10B,68
56,10C,1350
69,10D,64
56,104,35
58,111,29
54,110,14
58,10C,1328
68,10D,64
57,104,35
57,111,29
54,10E,36
57,10C,1316
68,10D,64
57,104,34
57,111,29
81,10C,1318
74,10D,64
58,104,35
56,111,29
57,10B,72
55,10C,1313
69,10D,64
56,104,35
57,111,29
57,110,13
57,10C,1307
67,10D,64
57,104,35
56,111,29
55,10E,35
58,10C,1302
68,10D,64
56,104,34
57,111,29
56,10C,1293
70,10D,64
56,104,34
55,111,30
58,10B,73
55,10C,1293
70,10D,64
55,104,38
56,111,30
57,110,15
57,10C,1308
67,10D,64
58,104,38
55,111,30
56,10E,34
58,10C,1304
68,10D,64
56,104,39
56,111,30
59,10C,1302
73,10D,64
56,104,38
57,111,30
55,10B,79
57,10C,1305
69,10D,65
69,104,38
57,111,30
55,110,14
57,10C,1292
74,10D,65
58,104,38
55,111,30
58,10E,35
55,10C,1298
68,10D,65
58,104,38
56,111,30
55,10C,1292
69,10D,65
56,104,38
57,111,30
56,10B,78
58,10C,1303
68,10D,65
57,104,38
55,111,30
58,110,14
55,10C,1297
71,10D,65
54,104,38
57,111,30
56,10E,35
56,10C,1315
68,10D,65
58,104,38
55,111,30
57,10C,1302
68,10D,65
56,104,38
58,111,30
61,10B,79
56,10C,1311
69,10D,65
57,104,39
56,111,30
62,110,15
57,10C,1307
69,10D,66
64,104,40
56,111,30
55,10E,34
57,10C,1317
68,10D,66
56,104,40
57,111,31
58,10C,1311
74,10D,66
55,104,40
64,111,31
55,10B,80
70,10C,1312
74,10D,66
57,104,40
56,111,32
56,110,16
57,10C,1329
69,10D,66
56,104,42
58,111,32
60,10E,34
57,10C,1295
68,10D,66
57,104,41
56,111,32
56,10C,1306
69,10D,66
56,104,41
56,111,32
57,10B,83
60,10C,1310
75,10D,66
53,104,41
58,111,32
55,110,16
58,10C,1306
73,10D,67
70,104,42
57,111,32
61,10E,34
56,10C,1322
69,10D,67
56,104,41
59,111,32
60,10C,1314
69,10D,67
56,104,38
57,111,30
58,10B,79
54,10C,1306
72,10D,67
53,104,34
56,111,30
57,110,14
57,10C,1332
68,10D,67
58,104,37
54,111,30
75,10E,36
60,10C,1331
71,10D,67
57,104,37
60,111,30
59,10C,1342
69,10D,67
56,104,36
57,111,29
62,10B,72
57,10C,1337
68,10D,67
57,104,34
56,111,29
58,110,14
54,10C,1330
70,10D,67
55,104,31
59,111,28
63,10E,36
53,10C,1322
70,10D,67
55,104,28
58,111,27
55,10C,1315
69,10D,67
57,104,28
56,111,27
56,10B,60
57,10C,1318
68,10D,67
57,104,29
56,111,27
56,110,11
57,10C,1348
69,10D,67
56,104,29
56,111,27
56,10E,37
57,10C,1346
68,10D,67
59,104,22
54,111,25
57,10C,1339
68,10D,67
57,104,24
55,111,25
58,10B,49
55,10C,1364
75,10D,67
56,104,25
56,111,26
64,110,10
75,10C,1386
74,10D,67
57,104,25
56,111,26
57,10E,38
56,10C,1392
73,10D,66
64,104,26
58,111,26
55,10C,1376
68,10D,67
70,104,26
56,111,26
56,10B,49
57,10C,1368
68,10D,66
70,104,26
55,111,26
58,110,10
55,10C,1359
69,10D,66
56,104,26
56,111,26
56,10E,37
58,10C,1355
67,10D,66
57,104,26
56,111,26
56,10C,1348
71,10D,66
55,104,26
57,111,26
56,10B,51
56,10C,1336
69,10D,66
57,104,26
56,111,26
56,110,10
56,10C,1336
69,10D,66
56,104,26
56,111,26
58,10E,37
55,10C,1333
76,10D,66
55,104,26
57,111,26
57,10C,1326
68,10D,66
56,104,26
57,111,26
55,10B,52
57,10C,1327
68,10D,66
57,104,26
57,111,26
55,110,10
58,10C,1317
68,10D,66
56,104,27
57,111,26
56,10E,36
55,10C,1320
71,10D,66
55,104,26
57,111,26
56,10C,1313
69,10D,65
68,104,26
57,111,26
57,10B,53
55,10C,1319
69,10D,66
68,104,26
58,111,26
55,110,10
56,10C,1312
72,10D,65
67,104,26
56,111,26
56,10E,37
57,10C,1321
68,10D,65
56,104,26
58,111,26
56,10C,1312
68,10D,65
56,104,27
56,111,26
57,10B,54
56,10C,1324
76,10D,65
56,104,27
56,111,26
57,110,10
61,10C,1318
70,10D,65
56,104,27
56,111,26
57,10E,36
75,10C,1320
74,10D,65
58,104,27
55,111,26
56,10C,1322
75,10D,66
65,104,27
57,111,26
61,10B,56
56,10C,1321
69,10D,65
68,104,27
56,111,26
56,110,10
61,10C,1319
72,10D,66
68,104,27
57,111,26
55,10E,36
58,10C,1319
69,10D,66
57,104,27
54,111,26
57,10C,1322
68,10D,66
58,104,27
55,111,26
57,10B,55
56,10C,1309
70,10D,66
54,104,26
57,111,26
56,110,10
60,10C,1311
73,10D,66
55,104,26
56,111,25
57,10E,37
55,10C,1313
70,10D,66
55,104,19
57,111,23
59,10C,1341
76,10D,66
60,104,20
56,111,23
57,10B,39
55,10C,1352
71,10D,66
54,104,19
59,111,23
54,110,7
56,10C,1360
69,10D,66
58,104,21
54,111,24
58,10E,39
55,10C,1371
71,10D,66
54,104,22
58,111,24
56,10C,1371
68,10D,66
56,104,22
57,111,24
56,10B,41
58,10C,1377
74,10D,65
68,104,22
58,111,24
55,110,8
57,10C,1373
67,10D,66
71,104,21
54,111,24
58,10E,39
55,10C,1373
70,10D,65
68,104,22
56,111,24
57,10C,1375
68,10D,65
57,104,21
57,111,24
55,10B,42
57,10C,1360
68,10D,65
57,104,21
57,111,24
61,110,8
57,10C,1364
68,10D,65
58,104,22
64,111,24
60,10E,39
57,10C,1362
69,10D,65
56,104,22
57,111,24
81,10C,1359
74,10D,65
56,104,22
58,111,24
55,10B,42
56,10C,1338
72,10D,65
54,104,22
56,111,24
57,110,8
56,10C,1335
68,10D,65
56,104,22
57,111,24
56,10E,38
57,10C,1328
69,10D,65
56,104,22
58,111,24
61,10C,1319
69,10D,65
57,104,23
55,111,24
56,10B,43
57,10C,1312
68,10D,65
58,104,23
55,111,24
56,110,8
56,10C,1302
70,10D,65
56,104,22
57,111,19
57,10E,39
55,10C,1252
71,10D,64
67,104,11
57,111,20
55,10C,1241
69,10D,64
56,104,12
56,111,20
57,10B,27
56,10C,1190
75,10D,64
56,104,13
57,111,19
56,110,4
57,10C,1024
68,10D,64
57,104,13
55,111,20
57,10E,35
56,10C,1120
70,10D,63
68,104,15
57,111,21
55,10C,1223
71,10D,63
55,104,17
56,111,22
56,10B,31
57,10C,1278
68,10D,63
57,104,12
56,111,20
56,110,4
58,10C,1169
67,10D,63
58,104,12
55,111,19
57,10E,14
56,10C,1006
68,10D,62
72,104,14
53,111,20
56,10C,1033
69,10D,62
57,104,14
57,111,20
58,10B,28
53,10C,1043
71,10D,62
55,104,13
57,111,20
56,110,4
59,10C,1084
73,10D,62
55,104,15
57,111,22
56,10E,34
56,10C,1212
69,10D,61
68,104,17
57,111,22
59,10C,1262
72,10D,62
70,104,18
59,111,22
59,10B,34
75,10C,1251
75,10D,61
69,104,18
57,111,22
56,110,6
56,10C,1251
69,10D,61
56,104,16
57,111,22
56,10E,38
56,10C,1238
69,10D,60
69,104,16
56,111,22
56,10C,1229
69,10D,60
57,104,16
57,111,22
55,10B,34
56,10C,1232
69,10D,60
57,104,16
56,111,22
58,110,6
55,10C,1206
71,10D,60
54,104,17
56,111,22
57,10E,38
59,10C,1231
73,10D,60
55,104,17
57,111,22
56,10C,1208
68,10D,59
70,104,19
56,111,23
55,10B,38
58,10C,1241
67,10D,59
60,104,20
53,111,23
62,110,7
58,10C,1248
68,10D,59
58,104,20
55,111,23
56,10E,38
57,10C,1250
68,10D,59
57,104,21
58,111,25
60,10C,1247
69,10D,59
56,104,26
57,111,26
60,10B,47
60,10C,1292
75,10D,59
54,104,26
57,111,25
56,110,10
56,10C,1270
70,10D,59
56,104,25
57,111,25
55,10E,35
57,10C,1224
70,10D,59
55,104,25
58,111,26
56,10C,1214
74,10D,59
58,104,29
54,111,26
57,10B,57
56,10C,1210
69,10D,59
56,104,30
59,111,27
61,110,11
55,10C,1202
70,10D,59
56,104,31
57,111,27
55,10E,35
56,10C,1183
70,10D,59
56,104,30
56,111,27
57,10C,1172
68,10D,59
64,104,31
55,111,28
56,10B,68
58,10C,1167
67,10D,59
57,104,33
57,111,28
61,110,12
76,10C,1149
75,10D,59
56,104,34
56,111,29
57,10E,34
56,10C,1165
76,10D,59
56,104,35
55,111,29
57,10C,1166
68,10D,59
57,104,34
56,111,29
58,10B,75
55,10C,1165
71,10D,59
55,104,34
55,111,29
56,110,12
58,10C,1169
67,10D,59
57,104,34
57,111,29
55,10E,34
56,10C,1183
69,10D,59
57,104,36
58,111,29
61,10C,1176
69,10D,59
56,104,34
56,111,29
57,10B,75
56,10C,1167
69,10D,60
68,104,34
58,111,29
56,110,12
55,10C,1177
69,10D,60
56,104,35
57,111,29
59,10E,34
53,10C,1181
70,10D,60
55,104,34
56,111,29
57,10C,1186
69,10D,60
57,104,27
56,111,25
55,10B,64
57,10C,1172
69,10D,60
56,104,15
57,111,21
56,110,5
56,10C,1178
70,10D,60
55,104,13
57,111,21
56,10E,33
57,10C,1250
68,10D,60
56,104,15
57,111,21
56,10C,1219
69,10D,60
56,104,16
56,111,22
56,10B,33
57,10C,1216
69,10D,59
70,104,17
55,111,22
57,110,6
57,10C,1219
68,10D,59
56,104,18
56,111,22
58,10E,38
55,10C,1215
68,10D,59
57,104,16
56,111,21
56,10C,1200
69,10D,59
57,104,14
57,111,20
55,10B,31
64,10C,1186
74,10D,59
56,104,12
57,111,20
55,110,4
58,10C,1056
67,10D,59
57,104,12
58,111,20
61,10E,28
75,10C,1006
75,10D,59
57,104,14
57,111,20
61,10C,1034
68,10D,58
70,104,14
56,111,20
57,10B,30
56,10C,1023
69,10D,58
56,104,14
56,111,20
58,110,4
55,10C,1017
69,10D,58
56,104,13
56,111,20
58,10E,23
55,10C,1001
68,10D,57
69,104,13
58,111,20
55,10C,978
70,10D,57
55,104,13
56,111,20
57,10B,30
58,10C,984
67,10D,57
58,104,14
55,111,20
56,110,4
56,10C,977
69,10D,56
69,104,13
56,111,19
56,10E,19
60,10C,942
72,10D,56
57,104,13
55,111,20
56,10C,915
69,10D,55
70,104,14
56,111,19
56,10B,30
57,10C,918
68,10D,54
69,104,13
56,111,19
58,110,4
55,10C,892
69,10D,53
68,104,14
56,111,19
57,10E,24
56,10C,890
70,10D,52
68,104,13
56,111,19
57,10C,914
68,10D,51
70,104,12
55,111,18
57,10B,29
56,10C,917
70,10D,49
68,104,11
56,111,18
56,110,3
57,10C,900
69,10D,48
68,104,11
57,111,18
57,10E,30
55,10C,895
73,10D,47
65,104,12
56,111,19
57,10C,915
71,10D,45
66,104,12
56,111,19
57,10B,29
56,10C,940
69,10D,44
65,104,14
56,111,20
61,110,4
66,10C,932
72,10D,42
68,104,14
58,111,20
61,10E,15
56,10C,915
75,10D,41
70,104,14
55,111,20
59,10C,928
75,10D,39
91,104,14
63,111,20
59,10B,31
53,10C,924
71,10D,38
67,104,14
59,111,19
62,110,4
55,10C,916
71,10D,36
67,104,12
56,111,19
55,10E,15
58,10C,942
67,10D,35
64,104,12
58,111,19
61,10C,958
68,10D,35
57,104,12
56,111,19
57,10B,29
55,10C,939
70,10D,35
56,104,14
56,111,22
56,110,6
57,10C,1085
68,10D,35
57,104,20
56,111,26
56,10E,12
56,10C,1348
69,10D,36
69,104,34
56,111,29
56,10C,1431
69,10D,35
69,104,42
63,111,30
56,10B,59
57,10C,1555
70,10D,35
54,104,50
57,111,32
56,110,22
57,10C,1708
68,10D,36
70,104,47
55,111,32
56,10E,38
57,10C,1750
70,10D,37
68,104,50
58,111,32
61,10C,1761
68,10D,37
57,104,49
56,111,33
56,10B,76
57,10C,1778
69,10D,38
68,104,49
56,111,34
56,110,24
57,10C,1805
68,10D,39
71,104,51
55,111,35
57,10E,36
56,10C,1837
69,10D,39
56,104,50
56,111,36
56,10C,1882
71,10D,40
67,104,52
56,111,36
56,10B,87
57,10C,1915
68,10D,41
70,104,53
55,111,36
58,110,26
57,10C,1926
74,10D,42
68,104,52
57,111,36
58,10E,36
60,10C,1939
69,10D,43
70,104,52
55,111,36
56,10C,1954
71,10D,43
55,104,52
58,111,36
61,10B,87
57,10C,1966
92,10D,44
70,104,38
56,111,31
57,110,17
57,10C,1839
68,10D,45
69,104,37
56,111,30
56,10E,41
57,10C,1800
75,10D,45
56,104,36
56,111,30
56,10C,1806
68,10D,45
58,104,35
55,111,30
56,10B,67
57,10C,1815
69,10D,46
69,104,37
56,111,30
57,110,18
56,10C,1825
70,10D,46
55,104,35
58,111,30
62,10E,41
55,10C,1832
70,10D,46
55,104,36
56,111,30
57,10C,1838
68,10D,47
70,104,33
56,111,29
56,10B,57
57,10C,1819
68,10D,47
63,104,27
56,111,28
56,110,13
57,10C,1788
68,10D,47
57,104,20
56,111,25
56,10E,42
58,10C,1746
69,10D,47
55,104,21
57,111,25
55,10C,1576
70,10D,46
67,104,21
57,111,24
56,10B,38
58,10C,1355
67,10D,46
58,104,22
56,111,24
55,110,8
56,10C,1357
70,10D,46
56,104,23
58,111,24
55,10E,39
55,10C,1359
70,10D,46
56,104,21
56,111,23
63,10C,1344
70,10D,46
55,104,20
58,111,23
56,10B,38
57,10C,1341
66,10D,45
69,104,17
56,111,22
59,110,6
55,10C,1310
69,10D,45
55,104,18
56,111,22
58,10E,39
56,10C,1291
69,10D,45
58,104,17
60,111,22
57,10C,1278
69,10D,44
68,104,16
57,111,22
55,10B,34
59,10C,1268
67,10D,44
57,104,22
55,111,25
56,110,9
76,10C,1335
75,10D,44
56,104,25
59,111,25
62,10E,37
54,10C,1336
71,10D,44
54,104,25
58,111,25
55,10C,1339
71,10D,44
54,104,25
58,111,25
64,10B,47
53,10C,1344
71,10D,44
55,104,25
57,111,25
56,110,10
60,10C,1323
72,10D,43
67,104,27
58,111,26
55,10E,37
56,10C,1313
69,10D,44
71,104,35
54,111,28
57,10C,1321
69,10D,44
57,104,33
55,111,30
60,10B,67
53,10C,1342
69,10D,44
56,104,47
57,111,33
56,110,25
62,10C,1352
71,10D,44
54,104,62
56,111,40
57,10E,31
58,10C,1809
67,10D,44
58,104,55
54,111,38
56,10C,1981
69,10D,45
72,104,56
54,111,38
56,10B,90
56,10C,2027
69,10D,47
69,104,55
58,111,38
54,110,30
57,10C,2037
69,10D,48
69,104,55
55,111,37
57,10E,35
56,10C,2074
69,10D,49
69,104,54
57,111,36
56,10C,2087
68,10D,50
70,104,54
56,111,36
56,10B,85
56,10C,2093
70,10D,50
55,104,53
56,111,36
57,110,29
56,10C,2100
69,10D,51
69,104,49
56,111,35
56,10E,36
56,10C,2087
70,10D,52
69,104,49
56,111,35
56,10C,2107
69,10D,53
75,104,49
57,111,35
56,10B,80
55,10C,2133
70,10D,54
69,104,47
56,111,34
58,110,27
54,10C,2149
69,10D,54
56,104,45
57,111,33
56,10E,39
75,10C,2130
76,10D,55
68,104,43
57,111,33
56,10C,2154
68,10D,55
57,104,42
56,111,33
56,10B,70
57,10C,2149
68,10D,55
57,104,44
57,111,33
55,110,24
57,10C,1899
68,10D,56
65,104,50
54,111,34
58,10E,38
55,10C,1868
70,10D,57
68,104,45
58,111,34
61,10C,1893
68,10D,57
57,104,45
57,111,34
56,10B,81
56,10C,1886
69,10D,57
55,104,44
57,111,34
58,110,23
55,10C,1901
72,10D,58
65,104,47
63,111,34
55,10E,38
58,10C,1912
68,10D,58
57,104,46
56,111,34
56,10C,1917
69,10D,59
69,104,39
57,111,31
55,10B,73
57,10C,1839
68,10D,59
57,104,30
56,111,29
57,110,16
56,10C,1798
69,10D,59
56,104,32
56,111,29
56,10E,41
56,10C,1784
69,10D,60
71,104,32
55,111,29
56,10C,1781
70,10D,60
55,104,33
56,111,29
57,10B,56
56,10C,1778
70,10D,60
55,104,32
56,111,29
57,110,16
58,10C,1784
74,10D,60
56,104,31
55,111,29
57,10E,41
56,10C,1793
69,10D,60
57,104,32
55,111,29
60,10C,1795
72,10D,60
57,104,33
57,111,29
55,10B,56
57,10C,1790
74,10D,60
57,104,32
58,111,30
63,110,16
54,10C,1792
69,10D,60
56,104,33
56,111,29
56,10E,41
60,10C,1739
72,10D,60
56,104,34
57,111,29
75,10C,1739
75,10D,60
56,104,33
59,111,29
61,10B,60
56,10C,1728
69,10D,60
55,104,34
56,111,30
58,110,17
58,10C,1739
73,10D,61
68,104,41
57,111,31
56,10E,39
56,10C,1713
69,10D,61
56,104,41
57,111,32
56,10C,1718
68,10D,61
59,104,41
54,111,32
58,10B,76
55,10C,1704
68,10D,61
57,104,40
58,111,32
62,110,19
55,10C,1719
68,10D,61
59,104,41
55,111,32
55,10E,39
60,10C,1723
73,10D,62
78,104,41
52,111,32
58,10C,1732
67,10D,62
58,104,41
55,111,32
58,10B,77
55,10C,1733
70,10D,62
55,104,41
59,111,32
62,110,19
54,10C,1741
71,10D,62
55,104,40
57,111,32
54,10E,39
61,10C,1741
73,10D,63
67,104,42
59,111,32
61,10C,1746
67,10D,63
58,104,38
55,111,32
59,10B,75
54,10C,1747
70,10D,63
55,104,41
57,111,32
55,110,19
58,10C,1757
68,10D,64
69,104,40
56,111,32
56,10E,39
57,10C,1760
75,10D,64
56,104,40
57,111,32
62,10C,1755
74,10D,64
58,104,39
55,111,32
62,10B,73
57,10C,1774
69,10D,64
57,104,38
56,111,31
63,110,18
57,10C,1763
67,10D,64
57,104,34
56,111,30
56,10E,41
57,10C,1773
76,10D,64
56,104,31
56,111,29
56,10C,1772
68,10D,64
56,104,28
57,111,28
57,10B,49
75,10C,1788
75,10D,64
56,104,24
57,111,26
56,110,11
56,10C,1830
68,10D,64
57,104,23
56,111,26
63,10E,44
56,10C,1845
69,10D,64
56,104,22
56,111,26
58,10C,1838
68,10D,64
56,104,21
56,111,26
57,10B,34
55,10C,1839
70,10D,64
57,104,22
56,111,26
56,110,11
56,10C,1823
69,10D,64
56,104,22
56,111,26
57,10E,44
56,10C,1828
69,10D,64
56,104,22
56,111,26
58,10C,1820
74,10D,64
57,104,21
55,111,26
56,10B,34
57,10C,1808
69,10D,63
69,104,12
55,111,22
58,110,6
56,10C,1678
69,10D,63
56,104,13
56,111,21
58,10E,36
55,10C,1652
70,10D,63
55,104,13
56,111,21
56,10C,1593
69,10D,62
70,104,13
55,111,21
57,10B,24
56,10C,1558
69,10D,62
55,104,13
58,111,21
55,110,5
57,10C,1549
69,10D,61
69,104,13
56,111,21
56,10E,25
57,10C,1504
68,10D,61
57,104,12
56,111,21
56,10C,1510
69,10D,61
59,104,13
53,111,21
57,10B,24
56,10C,1527
70,10D,60
68,104,12
57,111,21
55,110,5
57,10C,1503
69,10D,60
57,104,13
56,111,21
55,10E,25
57,10C,1528
69,10D,59
68,104,13
57,111,21
56,10C,1569
69,10D,59
57,104,13
56,111,21
56,10B,24
57,10C,1582
68,10D,58
68,104,12
56,111,21
57,110,5
77,10C,1570
74,10D,58
56,104,13
58,111,21
54,10E,25
57,10C,1553
68,10D,57
71,104,13
54,111,21
56,10C,1563
70,10D,57
55,104,13
58,111,21
61,10B,24
57,10C,1546
69,10D,56
73,104,12
58,111,21
58,110,5
55,10C,1520
69,10D,56
58,104,13
55,111,21
58,10E,24
54,10C,1515
68,10D,56
58,104,12
56,111,21
55,10C,1484
70,10D,55
69,104,13
59,111,21
59,10B,24
66,10C,1467
74,10D,55
55,104,12
55,111,21
56,110,5
58,10C,1461
67,10D,54
70,104,12
56,111,21
57,10E,22
56,10C,1434
76,10D,53
69,104,12
55,111,21
58,10C,1432
74,10D,53
56,104,13
58,111,21
63,10B,25
53,10C,1407
70,10D,52
68,104,12
57,111,21
56,110,5
58,10C,1395
74,10D,51
68,104,12
58,111,20
55,10E,19
57,10C,1358
67,10D,50
72,104,12
54,111,20
58,10C,1338
67,10D,49
72,104,12
53,111,20
56,10B,25
58,10C,1305
67,10D,48
69,104,12
57,111,20
56,110,4
58,10C,1235
68,10D,47
68,104,13
56,111,21
59,10E,37
54,10C,1186
75,10D,46
71,104,14
54,111,21
57,10C,1217
69,10D,45
69,104,13
56,111,20
56,10B,28
56,10C,1198
75,10D,44
70,104,13
55,111,20
62,110,5
58,10C,1144
67,10D,42
71,104,14
55,111,20
57,10E,28
74,10C,1117
75,10D,40
70,104,13
55,111,20
56,10C,1078
70,10D,39
70,104,14
55,111,20
56,10B,29
60,10C,1068
73,10D,37
67,104,13
59,111,19
60,110,4
56,10C,1061
69,10D,35
69,104,13
57,111,20
56,10E,36
57,10C,1151
68,10D,34
68,104,12
57,111,20
57,10C,1086
69,10D,32
68,104,13
56,111,20
57,10B,28
56,10C,969
70,10D,31
68,104,15
56,111,20
64,110,4
55,10C,968
68,10D,29
69,104,15
56,111,20
58,10E,19
59,10C,958
72,10D,27
68,104,16
57,111,20
56,10C,956
68,10D,26
69,104,16
57,111,20
56,10B,33
56,10C,928
69,10D,24
71,104,15
54,111,20
57,110,4
56,10C,877
69,10D,22
69,104,16
56,111,20
56,10E,14
56,10C,807
69,10D,21
69,104,16
56,111,19
57,10C,763
69,10D,19
70,104,18
55,111,19
56,10B,36
57,10C,698
74,10D,18
69,104,18
56,111,20
56,110,4
58,10C,696
67,10D,16
70,104,19
56,111,20
57,10E,12
57,10C,672
68,10D,14
68,104,19
57,111,20
58,10C,727
73,10D,13
68,104,19
58,111,20
56,10B,40
55,10C,727
70,10D,12
68,104,18
57,111,20
62,110,4
58,10C,736
67,10D,11
69,104,18
56,111,20
57,10E,9
56,10C,728
70,10D,9
68,104,19
55,111,20
57,10C,753
69,10D,8
87,104,18
57,111,20
57,10B,39
55,10C,769
70,10D,7
68,104,18
58,111,20
55,110,4
57,10C,740
68,10D,5
69,104,21
56,111,21
57,10E,12
56,10C,749
69,10D,4
69,104,22
56,111,21
55,10C,722
69,10D,2
70,104,21
57,111,21
55,10B,43
57,10C,751
68,10D,1
69,104,21
57,111,21
56,110,4
56,10C,758
69,10D,0
69,104,20
56,111,21
57,10E,8
62,10C,739
75,10D,0
56,104,21
57,111,20
56,10C,728
68,10D,0
57,104,21
56,111,20
56,10B,42
58,10C,702
71,10D,0
59,104,21
56,111,20
57,110,4
56,10C,705
71,10D,0
54,104,22
56,111,20
56,10E,10
60,10C,702
72,10D,0
57,104,20
56,111,20
56,10C,696
69,10D,0
56,104,21
57,111,20
56,10B,43
56,10C,695
69,10D,1
72,104,22
53,111,20
56,110,4
56,10C,695
69,10D,1
56,104,21
60,111,20
59,10E,7
56,10C,700
71,10D,1
55,104,21
57,111,20
56,10C,705
69,10D,1
56,104,21
56,111,20
57,10B,43
57,10C,694
68,10D,1
57,104,21
55,111,20
58,110,4
66,10C,695
72,10D,1
54,104,21
56,111,20
57,10E,7
58,10C,709
74,10D,0
68,104,22
59,111,20
60,10C,689
70,10D,0
56,104,21
55,111,20
60,10B,43
53,10C,688
70,10D,0
55,104,21
57,111,20
56,110,4
58,10C,695
92,10D,1
69,104,21
56,111,20
57,10E,8
56,10C,695
70,10D,1
55,104,21
56,111,20
56,10C,705
69,10D,1
56,104,21
59,111,20
54,10B,43
56,10C,695
69,10D,1
56,104,21
57,111,21
63,110,6
56,10C,731
69,10D,1
56,104,27
56,111,23
57,10E,22
56,10C,925
69,10D,2
68,104,26
58,111,26
55,10C,1037
69,10D,2
56,104,29
56,111,26
57,10B,52
74,10C,1183
72,10D,3
67,104,45
56,111,30
56,110,17
57,10C,1370
68,10D,5
69,104,49
56,111,32
56,10E,37
57,10C,1621
68,10D,7
70,104,45
57,111,32
56,10C,1681
72,10D,8
65,104,45
58,111,32
62,10B,70
55,10C,1662
68,10D,11
69,104,45
56,111,32
58,110,20
55,10C,1649
70,10D,12
68,104,48
57,111,34
59,10E,37
53,10C,1711
70,10D,15
67,104,49
58,111,35
55,10C,1799
69,10D,16
69,104,48
58,111,35
56,10B,85
55,10C,1901
69,10D,18
69,104,49
56,111,36
56,110,27
56,10C,1987
70,10D,20
69,104,50
55,111,36
56,10E,36
57,10C,2119
80,10D,22
64,104,50
56,111,36
58,10C,2236
68,10D,24
69,104,48
56,111,35
56,10B,76
58,10C,2392
73,10D,25
71,104,50
55,111,35
56,110,33
56,10C,2509
69,10D,27
69,104,49
56,111,34
56,10E,18
56,10C,2445
87,10D,28
70,104,57
56,111,36
57,10C,2054
69,10D,29
69,104,63
55,111,38
57,10B,90
56,10C,2068
68,10D,31
70,104,57
55,111,40
57,110,34
57,10C,2148
69,10D,32
68,104,58
57,111,38
56,10E,35
56,10C,2218
69,10D,34
68,104,58
57,111,36
56,10C,2242
69,10D,35
68,104,55
57,111,36
57,10B,81
58,10C,2286
73,10D,37
70,104,50
68,111,34
57,110,29
56,10C,2329
68,10D,38
69,104,47
56,111,34
58,10E,38
55,10C,2384
69,10D,40
68,104,47
57,111,34
56,10C,2423
69,10D,40
57,104,47
55,111,34
57,10B,63
56,10C,2392
68,10D,41
64,104,50
55,111,34
57,110,28
57,10C,1883
68,10D,42
69,104,55
56,111,35
57,10E,35
56,10C,1918
72,10D,43
66,104,45
57,111,34
55,10C,1887
70,10D,43
56,104,41
55,111,33
58,10B,79
56,10C,1865
67,10D,44
70,104,43
56,111,32
57,110,20
55,10C,1854
71,10D,45
68,104,40
56,111,32
56,10E,40
56,10C,1836
70,10D,46
67,104,40
57,111,32
62,10C,1832
72,10D,46
54,104,39
56,111,31
57,10B,72
57,10C,1847
68,10D,46
57,104,39
55,111,31
58,110,20
55,10C,1860
70,10D,47
68,104,39
58,111,31
54,10E,40
57,10C,1882
69,10D,47
56,104,38
55,111,31
59,10C,1894
87,10D,48
67,104,38
57,111,31
56,10B,71
57,10C,1899
68,10D,48
57,104,39
56,111,31
56,110,20
56,10C,1920
70,10D,49
69,104,38
56,111,31
55,10E,41
57,10C,1933
70,10D,49
56,104,32
56,111,30
55,10C,1935
70,10D,50
69,104,30
57,111,29
55,10B,53
56,10C,1922
69,10D,50
57,104,28
55,111,29
57,110,15
57,10C,1916
74,10D,50
56,104,30
59,111,29
54,10E,41
57,10C,1922
69,10D,50
56,104,29
56,111,29
63,10C,1925
71,10D,51
66,104,10
58,111,22
55,10B,29
56,10C,1801
69,10D,51
56,104,12
56,111,21
57,110,6
56,10C,1645
75,10D,50
69,104,14
57,111,21
57,10E,21
55,10C,1404
69,10D,50
56,104,12
57,111,21
56,10C,1221
69,10D,50
56,104,16
57,111,21
55,10B,29
57,10C,1259
68,10D,50
58,104,13
56,111,20
55,110,5
57,10C,1304
68,10D,50
57,104,12
56,111,20
56,10E,31
57,10C,1283
69,10D,49
71,104,12
54,111,20
56,10C,1278
69,10D,49
56,104,12
57,111,20
65,10B,26
53,10C,1250
69,10D,49
57,104,12
56,111,20
56,110,4
56,10C,1238
70,10D,49
55,104,12
57,111,20
56,10E,29
56,10C,1224
69,10D,48
69,104,12
56,111,20
58,10C,1199
69,10D,48
55,104,12
56,111,20
57,10B,26
74,10C,1181
75,10D,48
56,104,12
59,111,20
54,110,4
56,10C,1165
69,10D,47
70,104,12
56,111,20
56,10E,29
57,10C,1150
68,10D,47
57,104,12
57,111,20
56,10C,1145
74,10D,47
57,104,12
56,111,20
59,10B,27
53,10C,1133
70,10D,47
55,104,12
56,111,20
57,110,4
58,10C,1124
68,10D,46
68,104,13
57,111,20
55,10E,23
63,10C,1095
69,10D,46
56,104,13
57,111,20
57,10C,1109
68,10D,46
57,104,13
55,111,20
57,10B,28
56,10C,1098
69,10D,46
56,104,13
57,111,20
57,110,4
55,10C,1082
68,10D,45
70,104,14
56,111,20
57,10E,19
55,10C,1069
76,10D,44
68,104,13
57,111,20
57,10C,1051
68,10D,43
68,104,13
57,111,20
58,10B,29
54,10C,1016
71,10D,42
67,104,14
57,111,20
56,110,4
56,10C,1003
69,10D,40
70,104,14
55,111,20
57,10E,19
56,10C,989
68,10D,40
56,104,12
58,111,19
55,10C,979
70,10D,39
68,104,12
58,111,19
54,10B,29
57,10C,965
69,10D,38
69,104,12
63,111,20
55,110,4
57,10C,1026
68,10D,36
72,104,12
54,111,19
62,10E,17
56,10C,1014
70,10D,35
68,104,12
57,111,19
63,10C,1007
74,10D,34
71,104,13
54,111,20
57,10B,29
55,10C,995
70,10D,34
56,104,14
57,111,20
56,110,4
75,10C,997
75,10D,33
68,104,14
57,111,20
58,10E,16
54,10C,1028
73,10D,33
53,104,14
57,111,20
56,10C,1028
68,10D,32
69,104,13
57,111,20
55,10B,29
59,10C,1020
75,10D,32
54,104,13
57,111,20
55,110,4
59,10C,1029
74,10D,32
56,104,13
56,111,20
57,10E,19
56,10C,1018
68,10D,31
70,104,13
55,111,20
63,10C,1022
73,10D,31
53,104,14
56,111,20
55,10B,30
58,10C,1010
68,10D,30
70,104,13
55,111,20
57,110,4
55,10C,996
72,10D,30
54,104,14
56,111,20
56,10E,16
57,10C,996
69,10D,29
68,104,14
56,111,21
58,10C,1017
67,10D,29
60,104,29
53,111,26
56,10B,44
58,10C,1185
67,10D,30
69,104,34
57,111,28
56,110,13
59,10C,1312
74,10D,29
67,104,37
57,111,29
56,10E,36
56,10C,1409
70,10D,29
55,104,35
56,111,28
57,10C,1437
69,10D,29
57,104,30
56,111,28
55,10B,53
57,10C,1393
68,10D,29
56,104,31
58,111,28
55,110,13
56,10C,1384
70,10D,30
75,104,31
56,111,29
56,10E,37
57,10C,1396
68,10D,30
57,104,35
56,111,29
56,10C,1442
69,10D,30
57,104,39
57,111,30
55,10B,64
56,10C,1504
70,10D,30
56,104,37
56,111,30
56,110,17
57,10C,1520
69,10D,31
68,104,39
57,111,30
58,10E,37
73,10C,1558
76,10D,33
68,104,49
56,111,34
57,10C,1699
70,10D,34
67,104,57
56,111,38
57,10B,92
57,10C,1841
68,10D,35
69,104,53
55,111,38
57,110,29
56,10C,1931
70,10D,36
68,104,56
57,111,38
56,10E,34
56,10C,1957
70,10D,38
68,104,57
56,111,38
62,10C,1973
70,10D,39
70,104,56
56,111,38
60,10B,91
58,10C,1983
68,10D,40
70,104,56
55,111,37
57,110,27
56,10C,1962
68,10D,41
71,104,52
54,111,36
57,10E,36
56,10C,1933
70,10D,42
68,104,51
57,111,35
56,10C,1914
69,10D,43
68,104,49
56,111,35
57,10B,83
57,10C,1920
68,10D,44
70,104,48
55,111,34
57,110,25
56,10C,1926
69,10D,44
56,104,44
58,111,34
61,10E,38
56,10C,1916
69,10D,45
69,104,47
56,111,34
56,10C,1922
69,10D,46
68,104,45
58,111,34
55,10B,81
59,10C,1934
73,10D,46
56,104,46
57,111,34
56,110,24
57,10C,1931
68,10D,47
69,104,45
56,111,34
57,10E,38
62,10C,1938
69,10D,48
72,104,43
53,111,33
58,10C,1949
67,10D,48
58,104,43
55,111,33
56,10B,78
56,10C,1949
70,10D,50
68,104,43
57,111,33
55,110,22
57,10C,1964
68,10D,49
70,104,43
55,111,33
57,10E,39
56,10C,1978
69,10D,50
70,104,42
55,111,33
76,10C,1992
75,10D,50
56,104,42
58,111,33
54,10B,76
58,10C,1998
68,10D,51
69,104,42
56,111,33
58,110,23
54,10C,2020
69,10D,52
69,104,43
57,111,33
55,10E,39
60,10C,2031
72,10D,52
56,104,43
58,111,33
60,10C,2042
70,10D,52
56,104,42
57,111,33
56,10B,74
56,10C,2028
70,10D,53
74,104,43
56,111,33
58,110,23
56,10C,2015
73,10D,53
59,104,41
54,111,33
57,10E,39
57,10C,2020
69,10D,54
68,104,42
57,111,33
56,10C,2016
70,10D,54
54,104,43
59,111,33
54,10B,76
58,10C,2019
67,10D,55
72,104,43
54,111,33
57,110,24
55,10C,2032
70,10D,55
56,104,42
56,111,33
55,10E,39
58,10C,2023
68,10D,56
69,104,43
56,111,33
58,10C,2043
67,10D,56
58,104,42
55,111,32
57,10B,74
55,10C,2054
69,10D,57
68,104,40
57,111,32
56,110,22
56,10C,2073
70,10D,57
55,104,40
57,111,32
63,10E,40
57,10C,2107
69,10D,58
68,104,41
64,111,32
61,10C,2124
68,10D,58
57,104,40
56,111,32
58,10B,69
56,10C,2147
68,10D,58
55,104,40
57,111,32
57,110,22
55,10C,2147
71,10D,59
68,104,32
56,111,30
56,10E,41
57,10C,2147
68,10D,59
57,104,31
57,111,30
55,10C,2168
70,10D,59
55,104,32
57,111,30
56,10B,46
75,10C,2191
75,10D,59
57,104,31
56,111,30
61,110,18
58,10C,2201
68,10D,60
70,104,30
55,111,30
58,10E,42
55,10C,2209
71,10D,60
54,104,32
57,111,30
55,10C,2140
70,10D,60
55,104,33
58,111,30
55,10B,50
57,10C,1876
69,10D,60
56,104,34
57,111,30
56,110,16
56,10C,1780
75,10D,60
56,104,38
57,111,30
56,10E,40
56,10C,1779
71,10D,60
54,104,37
57,111,30
56,10C,1764
68,10D,60
57,104,35
56,111,30
56,10B,69
57,10C,1765
68,10D,60
57,104,34
56,111,30
58,110,15
56,10C,1748
68,10D,61
69,104,28
56,111,27
57,10E,40
56,10C,1689
69,10D,61
56,104,22
56,111,20
56,10C,1734
69,10D,60
73,104,13
59,111,21
55,10B,27
58,10C,1524
67,10D,61
70,104,14
56,111,20
57,110,4
56,10C,1157
69,10D,60
68,104,19
56,111,22
57,10E,31
56,10C,1194
69,10D,60
56,104,16
56,111,21
59,10C,1218
66,10D,60
59,104,16
61,111,21
55,10B,32
58,10C,1208
77,10D,60
54,104,15
56,111,21
56,110,5
57,10C,1132
68,10D,59
69,104,20
57,111,23
57,10E,-3
55,10C,943
73,10D,59
52,104,30
56,111,24
56,10C,915
69,10D,58
70,104,29
56,111,24
56,10B,48
57,10C,1108
68,10D,59
69,104,17
56,111,23
57,110,7
76,10C,1275
75,10D,58
68,104,22
60,111,24
61,10E,27
54,10C,1260
68,10D,58
57,104,23
57,111,25
55,10C,1268
69,10D,58
56,104,24
58,111,25
55,10B,43
57,10C,1269
69,10D,58
56,104,23
55,111,24
57,110,8
56,10C,1266
69,10D,58
57,104,23
56,111,24
63,10E,29
56,10C,1266
70,10D,58
55,104,21
56,111,23
57,10C,1247
69,10D,58
56,104,19
57,111,21
55,10B,36
57,10C,1218
68,10D,58
59,104,11
54,111,19
56,110,4
57,10C,1154
68,10D,57
69,104,12
56,111,19
56,10E,35
59,10C,1109
75,10D,58
67,104,12
56,111,19
57,10C,999
71,10D,57
66,104,14
57,111,20
56,10B,29
56,10C,1010
69,10D,57
57,104,14
56,111,20
58,110,4
54,10C,1003
71,10D,57
54,104,13
57,111,20
55,10E,23
58,10C,1006
68,10D,57
59,104,13
54,111,19
57,10C,994
68,10D,56
72,104,12
53,111,19
56,10B,29
56,10C,1027
70,10D,56
64,104,15
55,111,21
55,110,5
56,10C,1110
70,10D,56
56,104,15
59,111,21
60,10E,34
56,10C,1138
69,10D,56
56,104,16
58,111,21
55,10C,1132
69,10D,55
68,104,16
57,111,21
56,10B,32
56,10C,1120
69,10D,55
57,104,17
56,111,22
57,110,6
55,10C,1149
71,10D,55
54,104,18
56,111,22
57,10E,32
76,10C,1143
74,10D,55
59,104,18
54,111,22
56,10C,1141
70,10D,55
55,104,21
56,111,25
60,10B,41
54,10C,1181
70,10D,55
55,104,23
55,111,25
57,110,9
57,10C,1313
69,10D,55
56,104,21
55,111,27
64,10E,41
56,10C,1654
69,10D,54
68,104,31
63,111,29
56,10C,1626
69,10D,54
56,104,35
56,111,30
57,10B,55
58,10C,1664
74,10D,54
56,104,33
55,111,29
57,110,15
59,10C,1667
73,10D,55
68,104,33
61,111,29
58,10E,40
56,10C,1663
69,10D,55
56,104,32
58,111,29
55,10C,1666
70,10D,55
55,104,33
57,111,29
56,10B,58
57,10C,1668
69,10D,55
55,104,32
57,111,29
55,110,15
57,10C,1667
69,10D,55
57,104,33
56,111,29
55,10E,40
57,10C,1666
69,10D,55
57,104,32
56,111,29
56,10C,1674
69,10D,55
56,104,32
58,111,29
55,10B,57
57,10C,1677
68,10D,55
57,104,31
56,111,29
56,110,14
62,10C,1680
70,10D,55
55,104,32
57,111,29
57,10E,40
56,10C,1690
69,10D,55
56,104,29
56,111,28
58,10C,1678
73,10D,56
69,104,29
56,111,28
58,10B,52
55,10C,1668
69,10D,56
57,104,30
55,111,28
57,110,13
56,10C,1669
70,10D,56
56,104,27
55,111,28
56,10E,41
63,10C,1660
72,10D,56
54,104,28
55,111,28
77,10C,1649
74,10D,56
56,104,28
57,111,28
56,10B,48
56,10C,1653
70,10D,56
57,104,29
54,111,28
60,110,15
54,10C,1666
70,10D,56
55,104,37
55,111,30
56,10E,40
59,10C,1701
67,10D,56
56,104,36
56,111,30
57,10C,1707
69,10D,56
63,104,36
57,111,30
55,10B,64
56,10C,1711
69,10D,56
56,104,35
58,111,30
58,110,16
53,10C,1722
70,10D,56
55,104,35
57,111,30
56,10E,40
57,10C,1731
69,10D,57
68,104,36
57,111,30
56,10C,1720
69,10D,57
57,104,36
56,111,30
62,10B,66
59,10C,1658
72,10D,57
56,104,34
56,111,30
57,110,16
57,10C,1650
68,10D,57
59,104,36
53,111,30
57,10E,39
57,10C,1645
68,10D,57
56,104,36
60,111,30
59,10C,1628
69,10D,58
69,104,35
56,111,29
57,10B,64
56,10C,1626
70,10D,58
55,104,25
57,111,26
55,110,11
60,10C,1593
72,10D,58
56,104,26
59,111,27
66,10E,41
58,10C,1611
68,10D,58
58,104,28
54,111,27
56,10C,1632
69,10D,58
57,104,27
56,111,27
57,10B,46
56,10C,1631
69,10D,58
57,104,27
56,111,27
55,110,12
59,10C,1637
74,10D,58
55,104,27
56,111,27
56,10E,41
60,10C,1620
73,10D,58
55,104,27
57,111,27
56,10C,1617
69,10D,58
56,104,28
58,111,28
54,10B,48
76,10C,1645
74,10D,58
57,104,31
57,111,29
61,110,14
58,10C,1652
67,10D,58
57,104,30
56,111,29
56,10E,40
57,10C,1637
70,10D,58
55,104,32
56,111,29
56,10C,1644
70,10D,58
56,104,31
56,111,29
57,10B,54
55,10C,1639
77,10D,58
55,104,30
58,111,29
55,110,13
56,10C,1649
69,10D,58
56,104,31
56,111,29
58,10E,40
55,10C,1649
69,10D,58
56,104,30
57,111,29
57,10C,1650
67,10D,58
58,104,30
57,111,29
54,10B,54
58,10C,1644
67,10D,58
57,104,30
57,111,29
56,110,14
55,10C,1641
70,10D,59
69,104,31
56,111,29
56,10E,40
57,10C,1637
68,10D,59
57,104,31
56,111,29
58,10C,1639
73,10D,59
56,104,31
57,111,29
57,10B,55
55,10C,1644
69,10D,59
56,104,30
56,111,29
59,110,13
55,10C,1638
68,10D,59
57,104,30
56,111,29
56,10E,40
57,10C,1633
69,10D,59
62,104,31
56,111,29
57,10C,1645
69,10D,59
56,104,31
56,111,29
56,10B,54
57,10C,1647
68,10D,59
58,104,31
56,111,29
61,110,14
60,10C,1648
73,10D,59
55,104,31
58,111,29
54,10E,40
58,10C,1647
68,10D,60
69,104,31
56,111,29
57,10C,1655
68,10D,60
57,104,30
57,111,29
55,10B,54
58,10C,1660
74,10D,60
58,104,30
55,111,29
62,110,14
69,10C,1661
75,10D,60
56,104,30
56,111,29
57,10E,40
56,10C,1670
69,10D,60
56,104,30
56,111,29
58,10C,1671
68,10D,60
56,104,31
56,111,29
56,10B,55
56,10C,1666
69,10D,60
57,104,30
59,111,29
59,110,14
56,10C,1729
70,10D,60
56,104,31
58,111,29
54,10E,41
57,10C,1729
69,10D,60
57,104,32
56,111,29
57,10C,1613
69,10D,60
55,104,32
56,111,28
56,10B,57
57,10C,1389
68,10D,60
57,104,33
56,111,28
56,110,13
57,10C,1340
68,10D,60
57,104,32
57,111,28
61,10E,37
57,10C,1360
69,10D,60
56,104,31
56,111,28
57,10C,1336
69,10D,60
56,104,33
56,111,28
58,10B,65
55,10C,1309
70,10D,60
55,104,31
56,111,28
57,110,12
57,10C,1281
68,10D,60
57,104,32
55,111,28
58,10E,35
55,10C,1263
69,10D,60
56,104,32
60,111,28
59,10C,1251
75,10D,61
69,104,32
57,111,28
55,10B,69
56,10C,1246
70,10D,61
56,104,33
56,111,28
60,110,12
54,10C,1238
71,10D,61
53,104,32
56,111,28
56,10E,35
57,10C,1242
68,10D,61
57,104,28
56,111,26
56,10C,1220
70,10D,61
56,104,24
56,111,25
58,10B,58
54,10C,1205
70,10D,61
55,104,27
57,111,27
56,110,12
56,10C,1232
69,10D,61
60,104,30
53,111,27
56,10E,35
69,10C,1241
75,10D,61
56,104,31
57,111,27
59,10C,1239
76,10D,61
60,104,32
55,111,27
59,10B,65
53,10C,1227
72,10D,61
54,104,31
57,111,28
55,110,11
58,10C,1231
69,10D,61
61,104,32
57,111,28
56,10E,35
57,10C,1240
68,10D,61
59,104,40
53,111,30
57,10C,1250
68,10D,61
57,104,38
56,111,30
58,10B,76
55,10C,1223
70,10D,61
55,104,38
56,111,30
56,110,13
60,10C,1268
73,10D,61
55,104,36
56,111,30
57,10E,35
56,10C,1270
69,10D,62
69,104,37
56,111,30
60,10C,1269
72,10D,62
56,104,37
57,111,30
55,10B,76
56,10C,1280
69,10D,62
56,104,34
57,111,29
57,110,13
55,10C,1262
70,10D,62
55,104,34
57,111,29
56,10E,35
57,10C,1244
69,10D,62
56,104,33
55,111,29
58,10C,1260
68,10D,62
58,104,34
55,111,29
63,10B,70
56,10C,1256
68,10D,62
58,104,33
56,111,29
62,110,13
57,10C,1255
68,10D,62
57,104,33
55,111,29
56,10E,35
57,10C,1250
68,10D,63
69,104,34
56,111,29
59,10C,1249
67,10D,63
57,104,32
57,111,29
61,10B,71
57,10C,1248
68,10D,63
57,104,34
56,111,29
56,110,12
57,10C,1245
68,10D,63
57,104,33
56,111,29
58,10E,35
54,10C,1250
72,10D,63
53,104,34
57,111,29
75,10C,1253
75,10D,63
57,104,33
59,111,29
59,10B,70
57,10C,1255
69,10D,63
56,104,32
56,111,29
56,110,12
57,10C,1237
68,10D,63
56,104,32
57,111,27
58,10E,35
54,10C,1241
75,10D,63
58,104,25
56,111,25
56,10C,1242
70,10D,63
55,104,22
56,111,22
57,10B,49
56,10C,1240
69,10D,63
56,104,17
56,111,22
57,110,6
56,10C,1285
69,10D,63
56,104,15
56,111,21
57,10E,37
56,10C,1276
69,10D,63
56,104,15
56,111,22
56,10C,1268
69,10D,63
57,104,16
57,111,22
56,10B,33
55,10C,1267
69,10D,63
56,104,17
57,111,23
59,110,6
53,10C,1290
71,10D,63
55,104,18
55,111,22
57,10E,39
60,10C,1280
72,10D,63
56,104,17
56,111,22
57,10C,1279
68,10D,63
57,104,17
56,111,23
56,10B,35
58,10C,1283
67,10D,63
57,104,18
62,111,23
56,110,7
57,10C,1293
68,10D,63
58,104,18
55,111,23
56,10E,39
58,10C,1285
67,10D,62
70,104,19
57,111,23
56,10C,1287
69,10D,62
55,104,20
57,111,23
56,10B,38
57,10C,1302
68,10D,62
57,104,21
56,111,24
57,110,9
55,10C,1313
69,10D,62
56,104,25
59,111,25
54,10E,37
56,10C,1340
69,10D,62
56,104,24
56,111,25
59,10C,1339
67,10D,62
60,104,23
52,111,25
56,10B,47
70,10C,1324
75,10D,62
56,104,24
56,111,25
59,110,9
54,10C,1314
69,10D,62
56,104,24
56,111,25
57,10E,37
58,10C,1298
76,10D,62
53,104,24
56,111,25
67,10C,1287
71,10D,63
69,104,22
58,111,24
61,10B,45
56,10C,1274
69,10D,62
68,104,20
57,111,23
56,110,7
59,10C,1249
76,10D,62
53,104,20
56,111,23
57,10E,38
57,10C,1250
68,10D,62
58,104,20
55,111,23
56,10C,1263
69,10D,62
57,104,16
55,111,21
61,10B,36
52,10C,1232
71,10D,62
54,104,16
56,111,21
56,110,5
59,10C,1236
66,10D,62
59,104,16
54,111,22
56,10E,39
57,10C,1263
68,10D,62
57,104,15
59,111,22
59,10C,1244
70,10D,62
56,104,17
57,111,22
57,10B,33
55,10C,1262
71,10D,62
54,104,17
57,111,22
57,110,6
56,10C,1269
69,10D,62
61,104,16
57,111,22
57,10E,39
56,10C,1248
68,10D,62
58,104,17
54,111,22
59,10C,1252
66,10D,62
58,104,16
56,111,22
56,10B,34
56,10C,1258
69,10D,62
56,104,17
56,111,22
56,110,6
59,10C,1246
67,10D,61
70,104,16
55,111,22
63,10E,38
57,10C,1243
68,10D,61
56,104,17
56,111,22
56,10C,1258
70,10D,62
68,104,17
57,111,22
57,10B,34
56,10C,1249
74,10D,61
70,104,17
55,111,22
57,110,6
68,10C,1254
75,10D,61
56,104,16
58,111,22
57,10E,39
55,10C,1248
72,10D,61
53,104,23
56,111,25
57,10C,1290
75,10D,61
56,104,26
56,111,25
81,10B,45
57,10C,1320
68,10D,61
56,104,27
58,111,26
55,110,10
56,10C,1329
70,10D,61
56,104,25
59,111,26
60,10E,37
56,10C,1331
69,10D,61
56,104,26
58,111,26
61,10C,1338
70,10D,61
56,104,25
55,111,26
58,10B,50
55,10C,1329
69,10D,61
58,104,25
54,111,26
57,110,9
56,10C,1304
69,10D,61
56,104,26
57,111,25
56,10E,36
57,10C,1291
68,10D,61
59,104,24
54,111,25
57,10C,1270
75,10D,61
55,104,26
57,111,25
56,10B,52
60,10C,1258
71,10D,61
57,104,25
56,111,25
56,110,9
56,10C,1248
70,10D,61
56,104,26
56,111,25
56,10E,35
65,10C,1235
67,10D,61
56,104,25
56,111,25
57,10C,1226
69,10D,61
56,104,25
56,111,25
57,10B,52
56,10C,1223
70,10D,61
55,104,25
57,111,25
56,110,9
56,10C,1199
68,10D,61
58,104,20
55,111,23
56,10E,36
57,10C,1188
68,10D,61
57,104,19
57,111,23
55,10C,1184
70,10D,61
55,104,18
57,111,22
56,10B,40
57,10C,1185
69,10D,61
56,104,18
55,111,22
57,110,6
57,10C,1218
69,10D,60
68,104,13
57,111,19
56,10E,36
69,10C,1177
74,10D,59
70,104,11
55,111,20
58,10C,1136
68,10D,60
69,104,12
56,111,19
56,10B,27
57,10C,996
68,10D,60
58,104,14
62,111,20
56,110,4
56,10C,1045
68,10D,59
70,104,13
56,111,20
57,10E,21
55,10C,1057
76,10D,59
56,104,12
56,111,20
57,10C,1031
68,10D,59
58,104,12
55,111,20
59,10B,28
54,10C,1032
71,10D,58
66,104,12
56,111,20
56,110,4
57,10C,997
69,10D,58
59,104,13
53,111,20
56,10E,20
57,10C,995
68,10D,58
58,104,13
57,111,19
54,10C,982
71,10D,58
55,104,12
56,111,19
57,10B,28
59,10C,968
72,10D,57
69,104,13
59,111,19
60,110,4
56,10C,973
69,10D,57
56,104,12
62,111,19
58,10E,19
57,10C,961
73,10D,57
59,104,12
54,111,19
57,10C,951
75,10D,56
68,104,13
56,111,19
56,10B,29
58,10C,914
67,10D,56
59,104,13
54,111,19
57,110,4
56,10C,932
69,10D,56
56,104,13
60,111,19
59,10E,18
57,10C,928
68,10D,55
69,104,13
56,111,19
57,10C,917
74,10D,55
59,104,13
54,111,19
58,10B,30
55,10C,894
70,10D,55
54,104,13
58,111,19
55,110,3
58,10C,894
67,10D,54
72,104,13
54,111,19
62,10E,17
57,10C,880
68,10D,53
70,104,13
55,111,19
57,10C,904
68,10D,53
76,104,12
56,111,18
57,10B,29
56,10C,889
69,10D,52
68,104,11
58,111,18
62,110,3
57,10C,901
68,10D,51
68,104,12
70,111,18
62,10E,18
56,10C,925
69,10D,50
68,104,11
56,111,18
58,10C,928
68,10D,49
69,104,12
56,111,18
57,10B,27
56,10C,941
69,10D,48
68,104,12
58,111,19
56,110,4
55,10C,948
69,10D,46
68,104,13
57,111,20
57,10E,16
55,10C,969
69,10D,45
70,104,12
56,111,20
56,10C,985
69,10D,44
68,104,13
57,111,20
56,10B,29
57,10C,973
68,10D,43
70,104,14
55,111,20
60,110,4
53,10C,979
70,10D,41
68,104,14
57,111,19
55,10E,17
57,10C,945
68,10D,40
72,104,12
53,111,19
57,10C,931
68,10D,38
70,104,13
55,111,19
58,10B,29
57,10C,925
67,10D,37
75,104,12
57,111,18
57,110,3
56,10C,994
72,10D,35
65,104,12
57,111,19
57,10E,21
54,10C,1022
70,10D,33
69,104,12
57,111,19
56,10C,987
68,10D,32
68,104,12
57,111,20
56,10B,28
57,10C,955
68,10D,30
70,104,14
55,111,20
56,110,4
61,10C,943
71,10D,28
70,104,15
57,111,20
61,10E,18
56,10C,925
70,10D,26
68,104,14
57,111,20
55,10C,913
70,10D,25
68,104,15
56,111,20
57,10B,32
56,10C,887
69,10D,23
69,104,14
68,111,20
62,110,4
59,10C,842
67,10D,22
70,104,14
55,111,19
57,10E,21
56,10C,771
70,10D,20
67,104,16
59,111,19
67,10C,729
69,10D,19
68,104,16
57,111,19
56,10B,35
57,10C,693
68,10D,17
68,104,18
58,111,20
57,110,4
54,10C,675
72,10D,16
67,104,20
56,111,20
56,10E,16
56,10C,679
69,10D,14
70,104,19
55,111,20
56,10C,710
69,10D,13
71,104,18
54,111,20
57,10B,39
56,10C,731
68,10D,12
70,104,18
56,111,20
57,110,4
57,10C,736
67,10D,11
69,104,18
56,111,20
60,10E,8
53,10C,747
70,10D,9
67,104,17
58,111,20
56,10C,751
75,10D,8
69,104,18
56,111,20
56,10B,38
56,10C,771
69,10D,7
68,104,18
57,111,20
56,110,4
59,10C,744
76,10D,6
66,104,20
62,111,20
57,10E,16
56,10C,749
70,10D,5
68,104,20
56,111,20
56,10C,744
68,10D,4
70,104,20
56,111,20
57,10B,41
57,10C,742
68,10D,3
68,104,20
57,111,20
59,110,4
53,10C,750
71,10D,2
66,104,20
62,111,20
60,10E,9
54,10C,742
70,10D,1
68,104,20
56,111,20
56,10C,746
69,10D,1
56,104,20
60,111,20
60,10B,42
55,10C,731
71,10D,0
67,104,21
58,111,20
55,110,4
59,10C,725
75,10D,0
54,104,20
56,111,20
56,10E,8
59,10C,721
86,10D,0
55,104,20
59,111,20
62,10C,706
74,10D,0
56,104,21
58,111,20
62,10B,41
55,10C,703
69,10D,0
63,104,19
55,111,20
64,110,4
57,10C,707
73,10D,0
56,104,21
58,111,20
56,10E,9
56,10C,688
69,10D,0
56,104,20
55,111,20
59,10C,704
66,10D,0
58,104,20
56,111,20
56,10B,41
56,10C,709
70,10D,0
56,104,20
56,111,20
57,110,4
56,10C,699
68,10D,0
57,104,20
56,111,20
56,10E,9
56,10C,697
69,10D,0
56,104,20
58,111,20
55,10C,696
75,10D,0
56,104,20
56,111,20
58,10B,41
55,10C,699
69,10D,0
56,104,20
57,111,20
56,110,4
57,10C,696
75,10D,0
56,104,20
56,111,20
57,10E,9
58,10C,709
73,10D,0
56,104,20
56,111,20
57,10C,704
68,10D,0
64,104,20
55,111,20
63,10B,41
58,10C,696
67,10D,0
57,104,20
55,111,20
57,110,4
58,10C,706
74,10D,0
56,104,21
56,111,20
56,10E,10
57,10C,691
68,10D,0
57,104,20
56,111,20
56,10C,695
69,10D,0
56,104,21
57,111,20
57,10B,42
56,10C,691
69,10D,0
57,104,20
56,111,20
55,110,4
57,10C,704
68,10D,0
57,104,20
56,111,20
56,10E,8
56,10C,687
69,10D,0
57,104,21
56,111,20
62,10C,705
69,10D,0
57,104,21
56,111,20
56,10B,41
57,10C,713
87,10D,0
56,104,20
58,111,20
61,110,4
56,10C,702
69,10D,0
57,104,21
58,111,20
62,10E,8
55,10C,691
75,10D,0
58,104,22
55,111,20
56,10C,684
68,10D,0
57,104,22
56,111,20
60,10B,43
53,10C,693
69,10D,0
56,104,21
56,111,20
56,110,5
58,10C,701
68,10D,0
56,104,21
56,111,21
56,10E,10
57,10C,688
69,10D,0
55,104,22
57,111,21
57,10C,699
75,10D,0
56,104,22
57,111,23
56,10B,46
56,10C,736
70,10D,1
67,104,33
58,111,25
56,110,9
55,10C,1119
69,10D,2
69,104,27
56,111,26
57,10E,28
57,10C,1284
74,10D,3
69,104,31
56,111,28
58,10C,1296
68,10D,4
68,104,33
56,111,28
56,10B,54
57,10C,1344
69,10D,6
69,104,37
56,111,29
57,110,15
62,10C,1425
69,10D,8
69,104,38
56,111,30
56,10E,37
57,10C,1473
68,10D,9
69,104,39
56,111,30
57,10C,1484
69,10D,11
70,104,38
55,111,30
56,10B,62
56,10C,1507
71,10D,12
67,104,38
57,111,30
55,110,16
56,10C,1537
75,10D,14
70,104,39
56,111,30
56,10E,38
58,10C,1619
67,10D,15
70,104,39
55,111,31
63,10C,1644
70,10D,17
68,104,39
59,111,31
61,10B,72
55,10C,1737
69,10D,18
68,104,38
58,111,31
55,110,19
57,10C,1855
68,10D,19
84,104,37
60,111,31
57,10E,41
57,10C,1944
68,10D,20
68,104,35
58,111,31
56,10C,2001
67,10D,21
76,104,33
57,111,30
56,10B,57
59,10C,2106
73,10D,23
68,104,32
58,111,30
62,110,17
56,10C,2165
73,10D,23
60,104,30
53,111,30
57,10E,12
57,10C,1982
68,10D,24
69,104,34
56,111,29
57,10C,1562
74,10D,24
58,104,34
55,111,29
56,10B,58
58,10C,1556
67,10D,25
64,104,30
55,111,28
57,110,13
56,10C,1580
70,10D,25
55,104,31
56,111,28
57,10E,40
58,10C,1585
67,10D,26
69,104,30
56,111,28
56,10C,1594
69,10D,26
56,104,30
57,111,29
56,10B,54
56,10C,1631
70,10D,27
67,104,38
58,111,30
55,110,17
56,10C,1703
69,10D,27
58,104,40
61,111,31
57,10E,40
59,10C,1742
72,10D,28
69,104,40
56,111,31
56,10C,1776
69,10D,29
70,104,40
56,111,32
55,10B,73
58,10C,1828
68,10D,29
57,104,41
56,111,32
57,110,21
57,10C,1873
68,10D,30
68,104,43
57,111,34
55,10E,38
58,10C,1922
67,10D,31
69,104,47
56,111,34
57,10C,1904
69,10D,32
69,104,48
56,111,34
56,10B,82
57,10C,1984
69,10D,33
69,104,48
55,111,35
57,110,26
57,10C,2011
69,10D,34
67,104,48
58,111,36
57,10E,37
55,10C,2070
88,10D,35
68,104,49
57,111,35
57,10C,2105
68,10D,36
69,104,49
56,111,35
56,10B,80
57,10C,2155
74,10D,37
69,104,49
56,111,35
59,110,29
55,10C,2224
69,10D,39
67,104,49
57,111,35
57,10E,38
55,10C,2286
70,10D,40
68,104,48
57,111,34
57,10C,2360
68,10D,41
68,104,49
57,111,34
58,10B,68
55,10C,2381
68,10D,42
69,104,51
56,111,34
58,110,30
55,10C,1824
69,10D,43
69,104,65
56,111,39
62,10E,30
57,10C,1693
69,10D,44
68,104,62
56,111,41
57,10C,1688
68,10D,45
70,104,61
56,111,41
58,10B,94
55,10C,1654
69,10D,46
68,104,62
57,111,41
56,110,28
56,10C,1692
69,10D,47
69,104,63
57,111,42
55,10E,30
56,10C,1731
69,10D,48
76,104,61
56,111,40
57,10C,1768
68,10D,49
69,104,47
56,111,35
56,10B,86
56,10C,1771
70,10D,49
55,104,50
58,111,34
56,110,22
56,10C,1806
69,10D,50
68,104,45
57,111,34
56,10E,38
56,10C,1847
72,10D,51
66,104,45
60,111,34
59,10C,1876
69,10D,52
69,104,45
56,111,33
56,10B,79
57,10C,1880
68,10D,52
57,104,54
59,111,37
59,110,33
57,10C,1993
68,10D,53
69,104,58
58,111,39
62,10E,26
56,10C,1971
70,10D,53
54,104,65
56,111,43
57,10C,1921
88,10D,54
69,104,65
56,111,43
56,10B,95
56,10C,1640
70,10D,55
67,104,63
59,111,43
67,110,28
57,10C,1613
68,10D,56
70,104,62
56,111,43
57,10E,28
55,10C,1637
69,10D,57
68,104,63
57,111,43
57,10C,1647
69,10D,57
56,104,63
57,111,44
55,10B,96
58,10C,1693
67,10D,58
73,104,67
52,111,45
56,110,32
57,10C,1736
68,10D,59
69,104,69
56,111,45
57,10E,25
58,10C,1756
75,10D,60
67,104,69
58,111,45
55,10C,1768
75,10D,61
68,104,74
57,111,46
57,10B,95
56,10C,1811
70,10D,62
68,104,77
57,111,47
55,110,40
57,10C,1863
68,10D,63
69,104,83
56,111,48
56,10E,18
57,10C,1886
68,10D,64
70,104,92
55,111,48
58,10C,1921
74,10D,65
69,104,92
56,111,48
57,10B,95
56,10C,1956
69,10D,66
68,104,93
57,111,49
57,110,52
55,10C,1993
69,10D,67
69,104,93
57,111,49
57,10E,15
55,10C,2018
69,10D,69
70,104,94
56,111,49
55,10C,2029
69,10D,70
69,104,94
56,111,49
57,10B,95
56,10C,2054
69,10D,71
69,104,92
56,111,49
57,110,51
56,10C,2066
69,10D,72
68,104,90
56,111,49
56,10E,19
57,10C,2100
68,10D,74
70,104,88
55,111,49
60,10C,2112
69,10D,74
60,104,84
56,111,49
56,10B,95
70,10C,2146
74,10D,75
68,104,83
57,111,49
58,110,49
54,10C,2171
70,10D,77
75,104,84
58,111,49
55,10E,22
56,10C,2194
68,10D,78
69,104,82
56,111,49
57,10C,2219
70,10D,79
68,104,80
57,111,49
61,10B,95
57,10C,2243
69,10D,80
68,104,81
57,111,49
59,110,48
53,10C,2268
70,10D,81
68,104,81
55,111,49
58,10E,24
55,10C,2292
71,10D,82
67,104,77
57,111,49
57,10C,2310
69,10D,82
56,104,78
55,111,49
57,10B,95
56,10C,2324
68,10D,83
70,104,74
55,111,46
57,110,44
56,10C,2316
69,10D,84
69,104,71
57,111,43
56,10E,28
56,10C,2369
69,10D,85
69,104,70
56,111,41
56,10C,2387
69,10D,85
56,104,70
56,111,40
63,10B,89
57,10C,2412
69,10D,86
68,104,69
57,111,40
56,110,45
56,10C,2432
70,10D,87
68,104,70
56,111,39
56,10E,30
58,10C,2444
68,10D,87
55,104,67
57,111,39
56,10C,2460
71,10D,88
67,104,66
57,111,39
56,10B,84
56,10C,2469
69,10D,89
70,104,65
56,111,39
56,110,46
56,10C,2489
68,10D,89
56,104,67
61,111,38
60,10E,31
56,10C,2497
68,10D,90
69,104,66
56,111,38
56,10C,2515
69,10D,91
69,104,66
56,111,38
56,10B,83
57,10C,2523
69,10D,91
56,104,64
56,111,38
56,110,39
70,10C,2513
74,10D,92
69,104,58
56,111,36
57,10E,36
62,10C,2524
69,10D,92
58,104,56
54,111,36
57,10C,2532
69,10D,92
57,104,57
55,111,36
56,10B,77
57,10C,2433
68,10D,92
57,104,64
59,111,38
63,110,39
53,10C,1973
69,10D,92
57,104,67
56,111,43
56,10E,29
60,10C,1865
72,10D,93
68,104,66
57,111,44
56,10C,1842
71,10D,93
54,104,63
57,111,44
55,10B,95
59,10C,1858
66,10D,94
71,104,63
55,111,44
57,110,32
56,10C,1864
70,10D,94
55,104,63
57,111,45
55,10E,30
60,10C,1869
71,10D,94
57,104,63
57,111,45
55,10C,1884
71,10D,94
54,104,64
57,111,34
56,10B,81
57,10C,1812
68,10D,94
63,104,14
57,111,22
55,110,6
57,10C,1830
68,10D,94
59,104,14
53,111,23
58,10E,46
56,10C,1830
69,10D,94
56,104,15
59,111,23
60,10C,1805
68,10D,94
57,104,16
56,111,23
57,10B,26
56,10C,1756
69,10D,93
69,104,15
55,111,22
57,110,7
56,10C,1724
70,10D,93
56,104,15
56,111,22
60,10E,22
53,10C,1702
70,10D,92
67,104,14
58,111,22
62,10C,1693
68,10D,92
56,104,14
57,111,22
55,10B,25
57,10C,1664
69,10D,91
68,104,14
58,111,22
62,110,6
56,10C,1663
69,10D,91
56,104,14
57,111,22
62,10E,23
69,10C,1670
74,10D,90
71,104,14
54,111,22
64,10C,1668
68,10D,90
56,104,14
57,111,23
56,10B,27
56,10C,1755
69,10D,89
70,104,18
55,111,24
56,110,8
57,10C,1768
68,10D,89
57,104,18
57,111,24
55,10E,44
56,10C,1743
70,10D,89
55,104,19
57,111,25
58,10C,1704
68,10D,89
57,104,20
55,111,25
57,10B,33
57,10C,1635
68,10D,88
68,104,21
57,111,25
56,110,9
56,10C,1544
69,10D,88
57,104,20
55,111,24
57,10E,39
57,10C,1457
69,10D,88
56,104,22
57,111,25
56,10C,1380
68,10D,87
69,104,23
57,111,25
57,10B,41
55,10C,1332
68,10D,87
58,104,23
55,111,25
57,110,9
56,10C,1296
74,10D,87
57,104,23
56,111,24
60,10E,37
53,10C,1267
69,10D,87
56,104,23
56,111,24
56,10C,1249
69,10D,87
56,104,23
57,111,24
56,10B,46
56,10C,1247
69,10D,87
56,104,23
57,111,24
57,110,8
56,10C,1245
69,10D,86
68,104,23
57,111,24
56,10E,36
56,10C,1248
69,10D,86
57,104,25
56,111,25
56,10C,1250
68,10D,86
58,104,27
55,111,26
57,10B,52
56,10C,1259
68,10D,86
57,104,29
60,111,27
59,110,11
57,10C,1277
68,10D,86
57,104,30
58,111,27
60,10E,35
57,10C,1266
68,10D,86
57,104,34
57,111,29
74,10C,1261
79,10D,86
53,104,35
61,111,29
59,10B,73
54,10C,1241
76,10D,86
56,104,37
56,111,30
58,110,14
55,10C,1234
69,10D,86
56,104,36
56,111,30
57,10E,34
56,10C,1249
69,10D,86
58,104,37
54,111,30
56,10C,1251
69,10D,86
56,104,37
57,111,30
57,10B,77
55,10C,1249
70,10D,86
55,104,36
57,111,30
56,110,13
59,10C,1257
75,10D,86
54,104,37
57,111,30
56,10E,34
60,10C,1263
74,10D,86
54,104,38
56,111,30
56,10C,1268
69,10D,86
57,104,37
57,111,30
55,10B,78
56,10C,1260
69,10D,86
57,104,37
55,111,30
64,110,14
56,10C,1268
70,10D,86
55,104,38
56,111,30
58,10E,34
61,10C,1274
69,10D,86
56,104,37
56,111,30
59,10C,1248
74,10D,86
56,104,37
55,111,30
56,10B,78
59,10C,1262
74,10D,86
55,104,36
57,111,30
56,110,13
57,10C,1252
67,10D,86
59,104,36
55,111,30
63,10E,34
57,10C,1260
76,10D,86
54,104,37
57,111,30
56,10C,1273
74,10D,86
56,104,37
57,111,30
56,10B,78
56,10C,1265
76,10D,86
59,104,37
53,111,30
56,110,14
56,10C,1264
76,10D,86
58,104,37
56,111,30
63,10E,34
56,10C,1265
67,10D,86
59,104,37
54,111,30
56,10C,1277
69,10D,86
56,104,37
56,111,30
60,10B,77
74,10C,1263
73,10D,86
63,104,36
56,111,30
57,110,14
57,10C,1274
68,10D,86
56,104,37
56,111,30
56,10E,34
57,10C,1271
68,10D,86
59,104,38
54,111,30
56,10C,1266
69,10D,86
56,104,36
56,111,30
58,10B,77
55,10C,1265
69,10D,86
56,104,36
56,111,30
57,110,14
58,10C,1276
75,10D,86
54,104,36
56,111,30
58,10E,34
58,10C,1259
73,10D,86
56,104,36
56,111,30
57,10C,1267
68,10D,86
57,104,38
56,111,30
56,10B,77
59,10C,1271
72,10D,86
57,104,37
56,111,30
56,110,14
57,10C,1258
68,10D,87
69,104,36
57,111,30
57,10E,34
55,10C,1276
69,10D,87
57,104,37
62,111,30
57,10C,1272
68,10D,86
70,104,36
55,111,30
56,10B,77
57,10C,1269
68,10D,87
71,104,37
55,111,30
57,110,13
55,10C,1263
71,10D,87
55,104,38
57,111,30
56,10E,35
57,10C,1294
75,10D,87
56,104,36
56,111,30
56,10C,1275
69,10D,87
56,104,36
56,111,30
57,10B,77
55,10C,1266
71,10D,87
54,104,28
57,111,26
56,110,9
58,10C,1255
67,10D,87
56,104,27
58,111,26
55,10E,36
56,10C,1286
70,10D,87
56,104,26
55,111,26
58,10C,1303
68,10D,87
57,104,26
56,111,26
56,10B,55
57,10C,1312
68,10D,87
57,104,27
57,111,26
61,110,10
76,10C,1310
75,10D,86
69,104,28
56,111,27
56,10E,36
57,10C,1297
68,10D,86
56,104,28
57,111,27
56,10C,1309
71,10D,86
54,104,29
57,111,27
56,10B,58
57,10C,1290
68,10D,86
57,104,28
55,111,27
59,110,11
54,10C,1293
70,10D,86
56,104,28
56,111,27
55,10E,36
59,10C,1294
66,10D,86
58,104,29
55,111,27
58,10C,1283
68,10D,86
57,104,29
56,111,27
56,10B,60
56,10C,1278
71,10D,86
55,104,28
55,111,27
57,110,10
56,10C,1284
69,10D,86
57,104,29
55,111,27
57,10E,35
56,10C,1275
75,10D,86
57,104,34
55,111,29
60,10C,1302
73,10D,86
61,104,34
56,111,29
58,10B,68
55,10C,1305
70,10D,86
56,104,33
56,111,29
56,110,13
57,10C,1319
68,10D,86
57,104,33
56,111,29
56,10E,36
57,10C,1307
68,10D,86
58,104,33
55,111,29
56,10C,1300
69,10D,85
68,104,32
57,111,29
56,10B,69
60,10C,1293
73,10D,86
68,104,31
57,111,28
55,110,12
59,10C,1292
67,10D,85
71,104,32
54,111,28
57,10E,36
55,10C,1282
71,10D,86
67,104,32
57,111,28
56,10C,1283
68,10D,85
69,104,32
58,111,28
63,10B,67
54,10C,1269
71,10D,85
54,104,32
57,111,28
56,110,12
57,10C,1278
68,10D,85
59,104,31
61,111,28
56,10E,35
75,10C,1274
74,10D,85
58,104,32
55,111,28
57,10C,1272
68,10D,85
57,104,32
56,111,28
56,10B,67
56,10C,1269
69,10D,85
56,104,32
56,111,28
58,110,12
57,10C,1272
75,10D,85
55,104,32
56,111,28
57,10E,36
56,10C,1279
69,10D,85
56,104,32
56,111,28
63,10C,1264
75,10D,85
56,104,32
56,111,28
57,10B,68
56,10C,1260
68,10D,85
58,104,32
57,111,28
55,110,12
56,10C,1273
69,10D,85
56,104,32
56,111,28
64,10E,35
57,10C,1261
67,10D,85
58,104,32
55,111,28
57,10C,1265
68,10D,85
56,104,32
57,111,28
56,10B,67
56,10C,1272
75,10D,85
57,104,32
56,111,28
57,110,12
55,10C,1269
75,10D,85
56,104,32
58,111,28
56,10E,35
55,10C,1268
69,10D,85
57,104,32
56,111,28
56,10C,1269
76,10D,85
56,104,32
56,111,28
57,10B,67
56,10C,1277
70,10D,85
55,104,32
58,111,28
54,110,12
57,10C,1265
68,10D,85
57,104,28
56,111,23
57,10E,35
56,10C,1242
69,10D,85
57,104,18
56,111,23
55,10C,1272
70,10D,85
55,104,20
57,111,24
57,10B,45
56,10C,1306
69,10D,85
55,104,27
57,111,29
56,110,14
57,10C,1354
69,10D,85
56,104,37
56,111,29
57,10E,37
55,10C,1374
70,10D,85
74,104,34
59,111,29
72,10C,1387
76,10D,85
58,104,33
56,111,28
55,10B,62
56,10C,1357
69,10D,85
56,104,32
57,111,28
62,110,12
56,10C,1327
69,10D,85
56,104,33
57,111,29
57,10E,36
55,10C,1321
69,10D,85
56,104,35
57,111,29
56,10C,1326
69,10D,85
57,104,34
56,111,29
57,10B,69
55,10C,1307
69,10D,85
56,104,32
57,111,28
55,110,11
57,10C,1294
69,10D,85
57,104,29
56,111,27
56,10E,36
58,10C,1272
68,10D,85
58,104,30
54,111,27
56,10C,1278
69,10D,85
56,104,31
56,111,28
59,10B,65
54,10C,1285
70,10D,85
55,104,35
56,111,29
66,110,14
53,10C,1277
70,10D,85
55,104,36
56,111,29
57,10E,35
57,10C,1313
69,10D,85
57,104,36
54,111,30
58,10C,1300
68,10D,85
57,104,35
56,111,30
57,10B,74
55,10C,1298
76,10D,85
56,104,35
56,111,30
57,110,13
56,10C,1290
70,10D,85
54,104,36
57,111,30
57,10E,35
56,10C,1297
68,10D,85
61,104,36
58,111,30
56,10C,1279
70,10D,85
55,104,36
59,111,30
61,10B,74
56,10C,1286
69,10D,85
56,104,36
58,111,30
55,110,13
56,10C,1274
69,10D,85
56,104,36
56,111,30
63,10E,35
56,10C,1282
69,10D,85
56,104,36
56,111,30
60,10C,1272
74,10D,85
54,104,36
56,111,30
56,10B,75
76,10C,1253
87,10D,85
58,104,36
55,111,30
58,110,14
54,10C,1250
71,10D,85
55,104,36
58,111,30
54,10E,35
57,10C,1264
69,10D,85
57,104,36
55,111,30
57,10C,1247
69,10D,85
57,104,36
55,111,30
58,10B,76
55,10C,1260
69,10D,85
56,104,35
56,111,30
56,110,13
57,10C,1251
68,10D,85
58,104,36
55,111,30
57,10E,34
56,10C,1268
68,10D,85
57,104,36
56,111,30
56,10C,1256
75,10D,85
58,104,36
55,111,30
62,10B,76
56,10C,1262
70,10D,85
56,104,36
57,111,30
59,110,14
53,10C,1258
72,10D,86
74,104,36
55,111,30
55,10E,35
57,10C,1248
75,10D,85
69,104,31
56,111,26
57,10C,1243
68,10D,85
58,104,25
55,111,26
56,10B,60
56,10C,1235
70,10D,86
69,104,26
56,111,26
55,110,10
58,10C,1279
69,10D,85
67,104,27
57,111,26
63,10E,36
56,10C,1284
69,10D,85
56,104,27
56,111,26
57,10C,1290
68,10D,85
57,104,27
56,111,26
57,10B,57
56,10C,1286
68,10D,85
56,104,27
58,111,26
55,110,10
56,10C,1285
69,10D,85
56,104,28
57,111,26
56,10E,36
56,10C,1278
70,10D,85
55,104,27
56,111,27
58,10C,1262
68,10D,85
57,104,28
57,111,27
62,10B,59
56,10C,1267
68,10D,85
58,104,29
55,111,27
56,110,10
75,10C,1273
75,10D,85
56,104,27
58,111,27
55,10E,35
56,10C,1259
70,10D,85
56,104,28
55,111,27
59,10C,1269
67,10D,85
58,104,28
57,111,27
61,10B,60
56,10C,1265
68,10D,85
57,104,29
57,111,27
56,110,10
56,10C,1261
68,10D,85
58,104,29
56,111,27
62,10E,36
56,10C,1258
68,10D,84
70,104,29
56,111,27
56,10C,1257
69,10D,84
57,104,29
56,111,27
56,10B,62
57,10C,1247
68,10D,84
56,104,29
57,111,27
56,110,11
56,10C,1259
69,10D,84
56,104,29
57,111,27
56,10E,35
62,10C,1254
70,10D,84
57,104,29
55,111,27
56,10C,1251
69,10D,84
56,104,29
56,111,27
58,10B,61
56,10C,1254
70,10D,84
55,104,24
55,111,24
57,110,8
57,10C,1247
68,10D,84
58,104,15
55,111,18
56,10E,33
57,10C,1240
68,10D,84
57,104,11
57,111,20
55,10C,1202
69,10D,83
70,104,12
55,111,20
57,10B,26
55,10C,1140
69,10D,83
56,104,12
57,111,19
57,110,4
55,10C,1030
70,10D,83
55,104,12
58,111,18
55,10E,21
56,10C,1016
70,10D,83
56,104,11
56,111,18
58,10C,1004
67,10D,83
57,104,11
56,111,18
56,10B,25
57,10C,1000
68,10D,82
70,104,13
62,111,20
63,110,4
58,10C,975
73,10D,82
56,104,13
57,111,19
56,10E,19
75,10C,966
75,10D,82
59,104,13
54,111,19
62,10C,996
75,10D,81
69,104,12
56,111,19
59,10B,28
54,10C,996
72,10D,81
53,104,12
56,111,19
56,110,3
57,10C,958
68,10D,81
57,104,12
56,111,18
62,10E,28
58,10C,937
67,10D,80
69,104,13
57,111,19
58,10C,960
67,10D,80
60,104,13
53,111,19
56,10B,29
57,10C,960
68,10D,79
69,104,13
56,111,19
56,110,4
59,10C,945
77,10D,78
65,104,13
58,111,19
62,10E,20
55,10C,942
70,10D,78
55,104,13
56,111,19
57,10C,939
75,10D,77
69,104,13
55,111,19
63,10B,29
58,10C,929
68,10D,76
68,104,13
57,111,19
58,110,3
54,10C,938
70,10D,75
68,104,12
56,111,19
56,10E,19
57,10C,913
68,10D,74
72,104,12
54,111,19
63,10C,892
74,10D,73
69,104,12
56,111,19
63,10B,30
56,10C,902
69,10D,72
69,104,13
57,111,18
62,110,3
58,10C,905
73,10D,71
69,104,13
56,111,19
56,10E,24
58,10C,879
68,10D,70
71,104,13
53,111,19
57,10C,874
69,10D,70
57,104,14
56,111,19
56,10B,30
57,10C,856
69,10D,69
68,104,14
59,111,19
60,110,3
57,10C,865
67,10D,68
69,104,13
57,111,18
56,10E,12
56,10C,872
70,10D,67
69,104,11
56,111,18
62,10C,866
70,10D,66
88,104,12
63,111,18
61,10B,28
56,10C,864
69,10D,65
68,104,11
60,111,18
60,110,3
55,10C,862
71,10D,65
54,104,13
58,111,19
55,10E,16
57,10C,907
69,10D,64
68,104,12
57,111,19
56,10C,896
69,10D,64
58,104,13
54,111,19
59,10B,29
54,10C,913
69,10D,64
56,104,13
56,111,19
57,110,3
57,10C,912
67,10D,63
71,104,13
55,111,19
57,10E,17
56,10C,940
69,10D,63
56,104,13
56,111,20
57,10C,960
68,10D,63
57,104,13
56,111,20
57,10B,29
55,10C,983
69,10D,62
69,104,14
56,111,20
59,110,4
54,10C,968
69,10D,62
56,104,13
56,111,20
56,10E,32
60,10C,1030
72,10D,62
57,104,12
55,111,20
57,10C,1150
69,10D,62
56,104,13
57,111,21
56,10B,29
56,10C,1200
75,10D,61
69,104,14
56,111,21
56,110,5
59,10C,1203
67,10D,61
56,104,15
56,111,21
57,10E,36
55,10C,1210
70,10D,61
56,104,14
56,111,21
57,10C,1205
75,10D,61
56,104,14
56,111,21
57,10B,30
56,10C,1222
70,10D,61
55,104,14
56,111,22
57,110,6
56,10C,1216
69,10D,61
61,104,19
57,111,23
58,10E,33
57,10C,1266
75,10D,61
54,104,20
63,111,23
59,10C,1268
77,10D,61
52,104,14
56,111,20
57,10B,31
57,10C,1211
67,10D,60
89,104,12
56,111,20
55,110,4
59,10C,1041
67,10D,60
57,104,13
56,111,20
56,10E,26
56,10C,1046
69,10D,60
56,104,14
57,111,20
56,10C,1088
71,10D,60
54,104,13
56,111,20
57,10B,28
56,10C,1058
68,10D,60
61,104,12
52,111,20
56,110,4
57,10C,1035
69,10D,60
56,104,13
59,111,20
60,10E,19
56,10C,1017
69,10D,59
69,104,14
56,111,20
57,10C,997
68,10D,58
69,104,14
56,111,20
58,10B,30
56,10C,988
67,10D,56
70,104,13
56,111,19
58,110,4
54,10C,956
76,10D,55
69,104,14
56,111,19
57,10E,21
55,10C,913
71,10D,52
67,104,12
57,111,19
55,10C,913
70,10D,51
68,104,13
57,111,19
57,10B,29
58,10C,910
74,10D,49
67,104,12
59,111,18
61,110,3
55,10C,913
69,10D,47
69,104,12
56,111,18
57,10E,17
56,10C,892
69,10D,45
69,104,12
56,111,18
57,10C,901
68,10D,43
68,104,12
56,111,19
58,10B,28
55,10C,895
71,10D,41
67,104,13
60,111,19
60,110,3
55,10C,870
70,10D,39
68,104,15
56,111,20
56,10E,16
61,10C,890
72,10D,37
68,104,15
59,111,20
60,10C,886
68,10D,35
72,104,14
54,111,19
63,10B,31
56,10C,912
70,10D,33
67,104,13
57,111,19
62,110,4
56,10C,915
69,10D,30
69,104,13
69,111,19
63,10E,16
55,10C,897
70,10D,28
68,104,14
57,111,20
56,10C,891
69,10D,26
69,104,15
55,111,20
57,10B,31
56,10C,889
69,10D,24
69,104,15
56,111,20
57,110,4
56,10C,860
69,10D,22
69,104,16
56,111,20
57,10E,23
55,10C,798
70,10D,19
68,104,21
57,111,21
55,10C,761
71,10D,18
68,104,24
56,111,21
56,10B,42
58,10C,700
67,10D,15
70,104,25
55,111,21
56,110,5
57,10C,700
68,10D,13
69,104,25
57,111,21
57,10E,-1
56,10C,736
69,10D,11
74,104,23
58,111,21
55,10C,736
69,10D,9
68,104,21
58,111,21
55,10B,46
56,10C,749
69,10D,7
69,104,22
57,111,21
56,110,5
57,10C,708
68,10D,5
68,104,23
57,111,21
57,10E,2
57,10C,722
68,10D,4
68,104,23
56,111,21
58,10C,711
68,10D,3
69,104,21
56,111,21
56,10B,46
58,10C,732
73,10D,3
57,104,23
56,111,21
56,110,5
57,10C,746
70,10D,2
67,104,21
57,111,21
56,10E,2
56,10C,741
68,10D,1
71,104,21
55,111,21
57,10C,731
68,10D,1
57,104,21
56,111,21
56,10B,44
56,10C,727
74,10D,0
72,104,21
54,111,20
58,110,4
55,10C,725
76,10D,0
56,104,20
56,111,20
57,10E,6
56,10C,711
69,10D,0
56,104,21
56,111,20
56,10C,687
70,10D,1
88,104,21
66,111,20
59,10B,42
55,10C,688
69,10D,1
56,104,20
58,111,20
55,110,4
56,10C,694
69,10D,1
57,104,21
55,111,20
58,10E,7
55,10C,691
75,10D,1
57,104,20
56,111,20
57,10C,686
67,10D,1
58,104,21
55,111,20
57,10B,42
56,10C,701
70,10D,1
55,104,21
57,111,20
55,110,4
59,10C,698
67,10D,0
69,104,21
56,111,20
56,10E,8
57,10C,707
69,10D,1
68,104,21
56,111,20
57,10C,707
68,10D,1
58,104,21
58,111,20
59,10B,42
57,10C,711
75,10D,0
70,104,21
55,111,20
58,110,4
55,10C,689
69,10D,0
56,104,21
56,111,20
57,10E,6
61,10C,694
71,10D,0
55,104,20
56,111,20
57,10C,711
69,10D,0
56,104,21
59,111,20
60,10B,43
57,10C,695
69,10D,0
56,104,21
57,111,20
55,110,4
58,10C,697
67,10D,0
58,104,20
55,111,20
57,10E,8
55,10C,704
76,10D,0
56,104,21
56,111,20
58,10C,703
67,10D,0
61,104,21
59,111,20
56,10B,42
57,10C,698
68,10D,0
58,104,21
54,111,20
57,110,4
56,10C,697
69,10D,0
56,104,21
58,111,20
61,10E,6
56,10C,687
70,10D,0
56,104,20
56,111,20
56,10C,698
76,10D,0
56,104,21
55,111,20
58,10B,43
55,10C,700
75,10D,0
57,104,20
56,111,20
64,110,4
56,10C,697
92,10D,0
56,104,20
57,111,20
62,10E,7
57,10C,693
69,10D,1
69,104,21
56,111,20
63,10C,690
68,10D,1
57,104,21
57,111,20
55,10B,43
56,10C,683
70,10D,2
68,104,20
56,111,20
56,110,4
57,10C,691
75,10D,2
57,104,21
56,111,20
55,10E,7
58,10C,703
68,10D,2
57,104,21
56,111,20
56,10C,712
72,10D,2
53,104,20
57,111,20
56,10B,44
57,10C,712
68,10D,2
56,104,20
56,111,20
57,110,4
56,10C,720
69,10D,2
56,104,21
59,111,20
60,10E,8
64,10C,723
67,10D,2
57,104,21
57,111,21
56,10C,764
68,10D,2
57,104,21
57,111,21
57,10B,45
55,10C,752
68,10D,3
69,104,22
56,111,21
57,110,5
56,10C,759
68,10D,3
57,104,21
56,111,21
57,10E,5
58,10C,766
73,10D,4
73,104,21
59,111,20
56,10C,737
69,10D,4
56,104,21
57,111,20
56,10B,44
56,10C,738
68,10D,4
57,104,20
57,111,20
62,110,4
56,10C,732
69,10D,5
69,104,21
57,111,20
56,10E,5
56,10C,738
69,10D,5
56,104,21
56,111,20
57,10C,735
68,10D,5
57,104,21
56,111,22
56,10B,45
58,10C,781
67,10D,6
69,104,36
56,111,26
63,110,10
56,10C,1087
69,10D,6
57,104,30
56,111,27
58,10E,28
54,10C,1271
70,10D,7
68,104,46
57,111,30
56,10C,1435
87,10D,9
69,104,43
57,111,30
56,10B,65
55,10C,1575
72,10D,11
66,104,44
58,111,31
55,110,19
56,10C,1620
69,10D,13
70,104,43
55,111,31
56,10E,37
57,10C,1644
68,10D,14
70,104,41
56,111,31
56,10C,1679
69,10D,16
69,104,43
56,111,31
57,10B,71
61,10C,1723
71,10D,17
68,104,46
61,111,34
58,110,25
56,10C,1872
70,10D,19
67,104,53
57,111,36
56,10E,35
56,10C,2016
69,10D,21
70,104,50
56,111,36
55,10C,2144
70,10D,22
76,104,49
55,111,36
56,10B,81
57,10C,2278
68,10D,24
69,104,49
56,111,35
56,110,32
57,10C,2419
69,10D,26
69,104,49
56,111,35
57,10E,39
59,10C,2515
72,10D,27
68,104,51
57,111,36
56,10C,2374
70,10D,28
68,104,61
57,111,39
56,10B,90
56,10C,1996
69,10D,30
73,104,64
60,111,44
63,110,37
54,10C,2174
71,10D,31
67,104,67
58,111,45
62,10E,31
54,10C,2267
71,10D,33
68,104,68
57,111,42
55,10C,2337
69,10D,35
68,104,66
57,111,40
56,10B,89
58,10C,2380
68,10D,37
70,104,67
54,111,39
58,110,44
55,10C,2435
69,10D,39
68,104,67
63,111,38
57,10E,32
55,10C,2510
70,10D,41
68,104,65
57,111,38
56,10C,2582
69,10D,42
69,104,63
57,111,38
55,10B,80
76,10C,2663
75,10D,44
68,104,62
57,111,38
62,110,46
56,10C,2742
69,10D,46
69,104,58
56,111,38
57,10E,37
56,10C,2805
69,10D,47
69,104,54
56,111,37
56,10C,2845
69,10D,48
69,104,52
56,111,38
56,10B,80
57,10C,2897
68,10D,49
70,104,55
55,111,38
58,110,43
55,10C,2391
70,10D,50
68,104,66
55,111,44
57,10E,31
57,10C,2231
69,10D,51
69,104,65
56,111,44
56,10C,2244
68,10D,52
69,104,67
57,111,44
56,10B,94
65,10C,2306
73,10D,53
69,104,63
56,111,39
56,110,36
57,10C,2274
68,10D,54
70,104,57
55,111,37
56,10E,35
57,10C,2255
69,10D,55
69,104,56
56,111,36
57,10C,2235
68,10D,56
69,104,56
56,111,36
56,10B,80
57,10C,2250
68,10D,57
71,104,52
54,111,36
58,110,32
55,10C,2254
70,10D,57
55,104,51
57,111,35
57,10E,37
56,10C,2264
68,10D,58
69,104,51
56,111,35
57,10C,2280
69,10D,58
56,104,49
56,111,35
56,10B,74
57,10C,2274
69,10D,58
59,104,52
59,111,35
56,110,30
58,10C,2048
68,10D,59
69,104,57
56,111,36
57,10E,34
56,10C,2005
80,10D,59
58,104,55
56,111,36
56,10C,2012
69,10D,60
68,104,47
57,111,35
56,10B,84
56,10C,1962
70,10D,60
57,104,50
55,111,35
56,110,26
76,10C,1973
74,10D,61
71,104,50
55,111,36
56,10E,36
57,10C,1991
67,10D,61
56,104,50
59,111,36
54,10C,1996
71,10D,62
67,104,49
57,111,36
56,10B,85
56,10C,1996
69,10D,62
56,104,50
57,111,36
56,110,26
57,10C,1991
68,10D,63
68,104,44
57,111,33
56,10E,38
57,10C,1937
69,10D,63
57,104,43
55,111,32
56,10C,1931
77,10D,63
55,104,40
56,111,32
57,10B,74
58,10C,1918
73,10D,64
69,104,39
63,111,31
55,110,19
56,10C,1899
70,10D,64
56,104,36
57,111,31
55,10E,41
57,10C,1898
69,10D,64
57,104,38
56,111,31
56,10C,1897
69,10D,64
56,104,37
56,111,31
57,10B,67
56,10C,1873
70,10D,64
55,104,36
57,111,30
56,110,18
57,10C,1866
67,10D,64
57,104,34
56,111,30
56,10E,41
57,10C,1867
70,10D,65
68,104,35
57,111,30
54,10C,1857
72,10D,65
54,104,35
57,111,30
62,10B,63
57,10C,1852
68,10D,65
56,104,32
59,111,30
62,110,16
55,10C,1839
74,10D,65
57,104,33
56,111,30
56,10E,41
57,10C,1837
75,10D,65
56,104,33
56,111,30
64,10C,1791
74,10D,65
59,104,33
54,111,30
56,10B,59
56,10C,1828
70,10D,65
55,104,33
61,111,30
59,110,17
57,10C,1849
69,10D,65
54,104,33
61,111,30
58,10E,10
70,10C,1592
75,10D,65
57,104,38
55,111,30
58,10C,1378
67,10D,66
69,104,40
56,111,30
58,10B,72
55,10C,1342
71,10D,65
67,104,37
56,111,30
57,110,14
56,10C,1336
69,10D,66
69,104,36
55,111,30
59,10E,35
55,10C,1330
74,10D,66
59,104,38
54,111,30
56,10C,1333
69,10D,66
57,104,37
55,111,30
58,10B,75
55,10C,1336
69,10D,66
57,104,23
56,111,18
55,110,4
60,10C,1275
76,10D,66
65,104,9
59,111,19
61,10E,36
55,10C,1299
70,10D,65
67,104,11
58,111,20
55,10C,1296
70,10D,66
68,104,12
57,111,20
56,10B,28
56,10C,1226
69,10D,65
68,104,11
57,111,20
58,110,4
55,10C,1108
75,10D,65
56,104,12
56,111,19
58,10E,24
55,10C,1037
76,10D,64
69,104,11
55,111,19
56,10C,1080
69,10D,64
56,104,12
57,111,19
57,10B,27
55,10C,1072
69,10D,63
69,104,11
57,111,19
55,110,3
56,10C,1051
70,10D,62
71,104,12
54,111,19
56,10E,21
57,10C,1041
68,10D,61
69,104,11
56,111,19
58,10C,1033
67,10D,60
70,104,11
56,111,18
63,10B,26
56,10C,1024
71,10D,58
66,104,12
58,111,19
55,110,3
56,10C,993
69,10D,57
71,104,12
54,111,18
56,10E,20
56,10C,969
70,10D,57
55,104,11
57,111,18
76,10C,955
74,10D,55
69,104,11
58,111,18
55,10B,27
58,10C,920
67,10D,54
69,104,11
56,111,18
56,110,3
57,10C,887
68,10D,53
69,104,13
56,111,19
58,10E,30
56,10C,890
69,10D,51
67,104,12
57,111,18
59,10C,899
74,10D,49
68,104,11
57,111,18
55,10B,28
56,10C,930
69,10D,48
70,104,10
55,111,18
56,110,3
56,10C,944
70,10D,46
69,104,12
56,111,19
56,10E,14
61,10C,934
83,10D,44
68,104,13
56,111,20
57,10C,925
68,10D,43
70,104,14
56,111,20
57,10B,30
58,10C,917
73,10D,41
69,104,16
57,111,20
55,110,5
56,10C,915
69,10D,40
70,104,16
56,111,20
55,10E,5
56,10C,912
70,10D,38
69,104,16
56,111,20
56,10C,918
70,10D,35
68,104,15
56,111,20
56,10B,33
58,10C,947
68,10D,33
69,104,11
56,111,18
58,110,3
55,10C,931
69,10D,31
68,104,12
57,111,19
56,10E,18
56,10C,892
69,10D,29
73,104,15
52,111,20
57,10C,882
68,10D,27
70,104,16
55,111,20
57,10B,32
56,10C,907
69,10D,26
68,104,15
58,111,20
55,110,4
62,10C,904
76,10D,25
70,104,15
55,111,20
56,10E,18
57,10C,880
69,10D,24
68,104,16
56,111,20
57,10C,855
70,10D,23
67,104,16
56,111,19
56,10B,33
60,10C,809
85,10D,23
56,104,15
56,111,19
57,110,4
56,10C,786
69,10D,23
56,104,15
56,111,19
59,10E,25
54,10C,815
71,10D,22
67,104,41
59,111,31
59,10C,891
70,10D,22
56,104,60
56,111,32
59,10B,80
54,10C,1505
68,10D,22
57,104,45
58,111,32
54,110,21
59,10C,1711
73,10D,23
68,104,51
58,111,33
55,10E,36
57,10C,1808
69,10D,24
68,104,53
57,111,34
56,10C,1862
70,10D,25
68,104,56
62,111,35
56,10B,82
59,10C,1907
73,10D,26
69,104,57
56,111,37
56,110,31
57,10C,1957
69,10D,27
71,104,58
53,111,38
57,10E,34
56,10C,1986
68,10D,29
69,104,58
56,111,39
57,10C,2014
69,10D,30
69,104,62
56,111,43
56,10B,95
57,10C,2095
68,10D,31
72,104,63
53,111,43
58,110,38
55,10C,2161
69,10D,33
69,104,64
59,111,40
54,10E,32
57,10C,2176
68,10D,34
68,104,64
57,111,39
56,10C,2162
69,10D,36
70,104,64
55,111,40
57,10B,90
56,10C,2153
69,10D,37
68,104,67
57,111,40
56,110,38
55,10C,2181
70,10D,38
69,104,67
56,111,40
62,10E,30
57,10C,2207
69,10D,40
68,104,69
56,111,41
57,10C,2225
69,10D,41
69,104,69
56,111,41
56,10B,91
57,10C,2240
68,10D,43
69,104,67
57,111,41
56,110,42
70,10C,2258
74,10D,44
69,104,69
56,111,41
56,10E,29
58,10C,2262
67,10D,46
70,104,61
55,111,37
57,10C,2196
69,10D,47
70,104,64
55,111,38
56,10B,87
57,10C,2176
69,10D,48
68,104,62
56,111,38
57,110,36
56,10C,2187
68,10D,49
70,104,62
56,111,38
56,10E,33
58,10C,2206
68,10D,50
68,104,60
57,111,38
56,10C,2229
68,10D,51
70,104,61
55,111,38
57,10B,85
56,10C,2250
82,10D,52
69,104,53
56,111,34
56,110,26
57,10C,2159
69,10D,53
68,104,49
56,111,34
56,10E,36
57,10C,2136
68,10D,54
70,104,49
56,111,34
56,10C,2147
69,10D,55
70,104,49
55,111,35
56,10B,78
57,10C,2185
69,10D,55
57,104,49
55,111,35
56,110,29
58,10C,2189
68,10D,56
68,104,49
56,111,35
58,10E,37
55,10C,2209
69,10D,56
58,104,50
55,111,34
56,10C,2219
75,10D,57
69,104,49
56,111,34
57,10B,77
56,10C,2108
70,10D,57
56,104,54
55,111,35
56,110,29
57,10C,1958
69,10D,58
69,104,53
56,111,36
56,10E,35
56,10C,1972
70,10D,58
75,104,54
57,111,36
56,10C,1989
67,10D,58
57,104,52
57,111,36
55,10B,87
57,10C,1979
68,10D,59
70,104,48
56,111,35
56,110,23
57,10C,1930
69,10D,59
56,104,40
56,111,32
57,10E,39
78,10C,1865
71,10D,60
70,104,41
57,111,32
55,10C,1887
69,10D,60
56,104,41
57,111,32
56,10B,76
56,10C,1871
69,10D,60
56,104,42
56,111,32
57,110,22
56,10C,1879
69,10D,60
56,104,42
58,111,32
61,10E,39
56,10C,1884
70,10D,61
67,104,44
58,111,32
55,10C,1853
70,10D,61
56,104,43
57,111,32
55,10B,77
58,10C,1825
67,10D,61
58,104,42
55,111,32
63,110,21
56,10C,1791
68,10D,61
58,104,41
55,111,32
57,10E,39
56,10C,1777
69,10D,62
68,104,42
58,111,32
55,10C,1782
72,10D,62
54,104,42
56,111,32
56,10B,77
58,10C,1770
67,10D,62
57,104,43
56,111,32
56,110,20
56,10C,1774
70,10D,63
68,104,40
56,111,32
56,10E,39
57,10C,1773
68,10D,63
58,104,41
55,111,32
56,10C,1780
69,10D,63
56,104,42
56,111,32
59,10B,77
54,10C,1773
71,10D,63
54,104,40
56,111,32
57,110,19
57,10C,1770
69,10D,64
68,104,41
57,111,32
56,10E,39
56,10C,1788
70,10D,64
55,104,41
56,111,32
57,10C,1789
74,10D,64
57,104,40
56,111,32
56,10B,74
57,10C,1799
68,10D,64
58,104,37
56,111,31
56,110,17
57,10C,1786
67,10D,65
70,104,36
56,111,30
57,10E,40
56,10C,1791
68,10D,65
57,104,36
56,111,30
81,10C,1796
75,10D,65
56,104,37
57,111,30
58,10B,67
54,10C,1816
70,10D,65
56,104,35
56,111,30
57,110,17
57,10C,1811
68,10D,65
56,104,36
56,111,30
56,10E,41
57,10C,1819
68,10D,65
57,104,35
56,111,30
56,10C,1829
70,10D,66
69,104,36
55,111,30
56,10B,67
58,10C,1822
67,10D,66
56,104,36
58,111,30
56,110,18
55,10C,1831
76,10D,66
57,104,36
56,111,30
57,10E,41
56,10C,1828
68,10D,66
56,104,36
57,111,30
56,10C,1828
69,10D,66
57,104,34
55,111,30
57,10B,66
56,10C,1841
70,10D,66
56,104,35
55,111,30
57,110,17
58,10C,1837
74,10D,66
55,104,34
58,111,30
56,10E,41
56,10C,1843
70,10D,66
55,104,35
56,111,30
56,10C,1846
69,10D,67
70,104,36
55,111,30
56,10B,65
60,10C,1848
71,10D,66
70,104,35
57,111,30
55,110,18
57,10C,1854
69,10D,67
71,104,35
54,111,30
56,10E,41
56,10C,1851
69,10D,67
56,104,36
57,111,30
62,10C,1858
68,10D,67
57,104,34
56,111,30
57,10B,64
63,10C,1856
69,10D,67
56,104,35
55,111,30
58,110,16
56,10C,1859
68,10D,67
56,104,27
57,111,28
56,10E,41
59,10C,1840
75,10D,67
54,104,28
56,111,28
56,10C,1842
69,10D,67
57,104,27
58,111,28
61,10B,43
75,10C,1909
75,10D,67
56,104,12
58,111,21
61,110,6
56,10C,1629
69,10D,67
56,104,14
57,111,21
56,10E,17
56,10C,1267
69,10D,65
70,104,13
56,111,19
55,10C,1090
68,10D,66
71,104,13
55,111,20
57,10B,27
56,10C,1101
69,10D,66
56,104,16
60,111,22
59,110,6
56,10C,1258
70,10D,66
55,104,16
61,111,22
58,10E,37
57,10C,1346
75,10D,66
58,104,17
53,111,22
58,10C,1336
68,10D,66
57,104,17
56,111,22
63,10B,33
56,10C,1318
68,10D,65
72,104,18
53,111,23
57,110,7
56,10C,1333
69,10D,66
68,104,18
57,111,23
56,10E,39
57,10C,1336
69,10D,65
68,104,19
57,111,23
56,10C,1331
69,10D,65
58,104,21
54,111,24
58,10B,39
56,10C,1349
68,10D,65
56,104,21
59,111,24
61,110,8
55,10C,1348
70,10D,65
55,104,21
58,111,24
55,10E,39
59,10C,1350
74,10D,64
67,104,21
58,111,24
55,10C,1355
71,10D,64
54,104,23
57,111,25
55,10B,42
58,10C,1350
68,10D,64
57,104,24
64,111,25
62,110,9
54,10C,1353
70,10D,64
56,104,24
57,111,25
56,10E,37
56,10C,1335
69,10D,64
56,104,24
56,111,25
63,10C,1314
74,10D,64
57,104,24
56,111,25
62,10B,47
57,10C,1316
68,10D,64
58,104,23
55,111,25
57,110,9
76,10C,1298
78,10D,64
58,104,24
57,111,25
56,10E,37
56,10C,1298
71,10D,64
54,104,24
58,111,26
55,10C,1296
71,10D,64
55,104,27
56,111,26
55,10B,51
57,10C,1299
68,10D,64
58,104,27
56,111,26
57,110,10
55,10C,1292
69,10D,64
56,104,31
57,111,29
56,10E,36
57,10C,1327
68,10D,64
56,104,40
57,111,30
56,10C,1344
75,10D,64
56,104,39
57,111,30
56,10B,73
56,10C,1338
69,10D,64
57,104,38
55,111,30
57,110,15
56,10C,1326
71,10D,64
54,104,41
57,111,32
56,10E,34
56,10C,1348
69,10D,64
57,104,43
55,111,32
59,10C,1288
67,10D,64
59,104,41
54,111,33
56,10B,86
55,10C,1271
70,10D,65
69,104,43
56,111,34
57,110,17
56,10C,1280
70,10D,65
55,104,45
56,111,34
56,10E,33
56,10C,1282
70,10D,65
55,104,47
57,111,34
56,10C,1291
69,10D,65
58,104,45
56,111,34
55,10B,90
56,10C,1301
70,10D,66
70,104,47
55,111,35
56,110,18
56,10C,1310
69,10D,66
62,104,47
57,111,35
56,10E,32
57,10C,1317
68,10D,66
57,104,47
56,111,34
56,10C,1315
76,10D,66
56,104,47
55,111,34
57,10B,89
57,10C,1305
68,10D,67
69,104,35
56,111,30
57,110,12
56,10C,1296
69,10D,67
57,104,32
55,111,29
57,10E,36
75,10C,1359
75,10D,67
56,104,34
56,111,29
57,10C,1357
69,10D,67
56,104,34
58,111,29
61,10B,68
56,10C,1353
70,10D,67
56,104,32
55,111,29
57,110,13
58,10C,1339
68,10D,67
55,104,32
56,111,29
57,10E,36
56,10C,1339
69,10D,67
56,104,33
56,111,29
56,10C,1353
69,10D,67
56,104,32
58,111,29
62,10B,66
56,10C,1343
71,10D,67
54,104,32
57,111,28
56,110,12
57,10C,1342
68,10D,67
56,104,30
57,111,28
57,10E,36
55,10C,1347
69,10D,67
56,104,29
61,111,26
61,10C,1329
73,10D,67
55,104,25
56,111,26
57,10B,54
59,10C,1330
73,10D,67
56,104,24
55,111,25
57,110,9
61,10C,1330
72,10D,67
55,104,23
56,111,25
57,10E,37
58,10C,1342
73,10D,66
68,104,23
61,111,25
59,10C,1357
69,10D,66
56,104,23
55,111,25
61,10B,46
52,10C,1365
70,10D,66
56,104,24
56,111,25
57,110,9
56,10C,1354
69,10D,66
56,104,21
56,111,24
63,10E,39
62,10C,1352
70,10D,66
55,104,21
60,111,24
62,10C,1361
74,10D,66
55,104,20
57,111,24
56,10B,39
59,10C,1356
73,10D,65
67,104,20
59,111,24
54,110,8
57,10C,1360
68,10D,65
57,104,22
57,111,25
57,10E,39
54,10C,1365
70,10D,65
55,104,22
58,111,25
80,10C,1363
75,10D,65
59,104,22
55,111,25
61,10B,43
59,10C,1364
66,10D,64
70,104,22
55,111,25
58,110,9
55,10C,1350
71,10D,65
67,104,22
57,111,25
56,10E,38
56,10C,1341
68,10D,64
71,104,22
54,111,24
57,10C,1335
69,10D,64
57,104,20
55,111,23
62,10B,39
58,10C,1300
68,10D,64
57,104,15
56,111,21
56,110,6
57,10C,1272
68,10D,64
57,104,15
56,111,21
57,10E,38
56,10C,1277
68,10D,63
69,104,16
56,111,22
57,10C,1271
69,10D,63
57,104,18
56,111,23
57,10B,35
54,10C,1296
69,10D,63
56,104,19
57,111,23
57,110,7
56,10C,1285
69,10D,62
68,104,21
57,111,24
56,10E,38
56,10C,1299
69,10D,62
56,104,26
58,111,26
55,10C,1320
70,10D,62
55,104,27
57,111,26
56,10B,48
58,10C,1340
67,10D,62
58,104,26
54,111,26
56,110,10
57,10C,1353
69,10D,62
57,104,27
56,111,26
55,10E,37
58,10C,1343
67,10D,62
57,104,26
56,111,26
63,10C,1340
69,10D,62
56,104,26
57,111,26
56,10B,51
56,10C,1349
69,10D,62
57,104,32
56,111,28
56,110,13
56,10C,1367
69,10D,61
68,104,30
57,111,28
58,10E,37
55,10C,1363
69,10D,61
58,104,45
56,111,31
54,10C,1437
71,10D,61
55,104,41
56,111,31
59,10B,77
142,10C,1345
75,10D,62
68,104,49
57,111,34
57,110,20
55,10C,1441
69,10D,62
56,104,48
56,111,34
57,10E,33
57,10C,1367
74,10D,63
68,104,47
57,111,34
57,10C,1375
75,10D,63
56,104,47
56,111,35
59,10B,90
60,10C,1383
69,10D,64
68,104,48
57,111,35
56,110,19
56,10C,1384
163,10D,64
57,104,48
56,111,35
57,10E,32
56,10C,1384
70,10D,64
62,104,48
55,111,35
56,10C,1358
69,10D,64
57,104,48
56,111,35
56,10B,90
56,10C,1356
69,10D,65
70,104,48
55,111,35
57,110,19
55,10C,1330
71,10D,65
57,104,49
55,111,36
56,10E,31
56,10C,1338
69,10D,65
56,104,49
58,111,36
55,10C,1336
71,10D,66
68,104,49
56,111,36
56,10B,91
55,10C,1332
70,10D,66
55,104,50
56,111,36
59,110,20
54,10C,1339
70,10D,66
56,104,50
56,111,36
56,10E,30
57,10C,1341
68,10D,66
58,104,51
55,111,36
56,10C,1346
69,10D,67
70,104,48
143,111,36
56,10B,91
56,10C,1342
69,10D,67
57,104,45
56,111,33
56,110,15
63,10C,1316
71,10D,67
54,104,41
56,111,32
56,10E,34
57,10C,1322
68,10D,67
60,104,41
53,111,32
56,10C,1331
69,10D,68
68,104,43
57,111,32
58,10B,83
54,10C,1353
71,10D,68
55,104,43
244,111,32
62,110,16
57,10C,1349
69,10D,68
56,104,42
58,111,32
54,10E,34
58,10C,1345
67,10D,68
59,104,42
54,111,32
57,10C,1353
68,10D,68
57,104,43
55,111,32
60,10B,83
53,10C,1363
71,10D,69
67,104,42
59,111,32
61,110,16
55,10C,1352
71,10D,69
54,104,42
59,111,32
148,10E,34
56,10C,1366
71,10D,69
54,104,42
57,111,32
56,10C,1365
70,10D,69
55,104,42
58,111,32
62,10B,82
55,10C,1368
70,10D,69
55,104,43
57,111,32
56,110,17
58,10C,1372
74,10D,69
57,104,41
56,111,32
55,10E,34
56,10C,1374
70,10D,70
68,104,43
57,111,32
62,10C,1378
69,10D,70
56,104,44
58,111,32
61,10B,84
57,10C,1371
75,10D,70
58,104,43
54,111,33
56,110,17
57,10C,1383
69,10D,70
56,104,44
57,111,33
56,10E,34
56,10C,1390
69,10D,70
56,104,44
56,111,33
58,10C,1397
67,10D,70
62,104,44
57,111,33
56,10B,85
57,10C,1394
163,10D,71
68,104,45
56,111,33
57,110,18
56,10C,1405
70,10D,71
57,104,45
54,111,33
59,10E,34
54,10C,1402
70,10D,71
55,104,43
57,111,33
56,10C,1407
69,10D,71
56,104,44
57,111,33
55,10B,84
58,10C,1400
68,10D,72
69,104,42
56,111,32
57,110,16
56,10C,1413
119,10D,72
62,104,33
56,111,30
59,10E,37
55,10C,1420
73,10D,72
58,104,32
55,111,28
60,10C,1422
73,10D,72
56,104,25
55,111,27
57,10B,57
59,10C,1417
72,10D,72
58,104,27
56,111,27
55,110,11
57,10C,1427
69,10D,72
56,104,28
57,111,27
56,10E,38
56,10C,1416
68,10D,72
63,104,30
57,111,29
55,10C,1438
70,10D,72
56,104,37
56,111,29
57,10B,63
56,10C,1464
71,10D,72
54,104,36
56,111,29
56,110,15
56,10C,1456
70,10D,72
56,104,36
56,111,30
63,10E,37
56,10C,1477
69,10D,72
57,104,37
55,111,30
57,10C,1480
68,10D,72
56,104,37
57,111,30
59,10B,72
60,10C,1464
68,10D,72
57,104,37
56,111,30
57,110,15
56,10C,1473
68,10D,72
56,104,38
58,111,30
55,10E,37
57,10C,1470
69,10D,72
57,104,37
56,111,30
56,10C,1466
69,10D,72
57,104,36
55,111,30
57,10B,71
56,10C,1456
70,10D,72
55,104,36
56,111,30
63,110,15
56,10C,1453
69,10D,72
56,104,35
57,111,29
55,10E,37
57,10C,1449
68,10D,72
59,104,26
55,111,25
56,10C,1415
68,10D,72
56,104,23
58,111,25
56,10B,48
55,10C,1414
71,10D,72
55,104,23
56,111,25
57,110,10
56,10C,1423
69,10D,72
56,104,23
56,111,26
57,10E,39
68,10C,1457
75,10D,72
59,104,27
54,111,28
57,10C,1465
69,10D,72
56,104,36
55,111,29
59,10B,57
54,10C,1490
70,10D,72
56,104,35
56,111,29
56,110,14
57,10C,1486
68,10D,72
57,104,34
56,111,29
57,10E,38
56,10C,1482
68,10D,72
57,104,36
57,111,29
55,10C,1485
75,10D,72
57,104,34
56,111,30
59,10B,68
53,10C,1488
71,10D,72
54,104,37
58,111,30
56,110,15
56,10C,1478
68,10D,72
58,104,36
55,111,30
57,10E,37
55,10C,1474
70,10D,72
56,104,37
56,111,30
57,10C,1477
69,10D,72
57,104,37
56,111,30
55,10B,72
58,10C,1453
67,10D,72
56,104,38
57,111,30
57,110,15
55,10C,1462
75,10D,72
59,104,41
55,111,32
56,10E,36
55,10C,1470
71,10D,72
54,104,42
58,111,31
55,10C,1463
70,10D,72
55,104,41
60,111,32
60,10B,79
57,10C,1456
69,10D,72
55,104,42
57,111,32
56,110,17
56,10C,1447
69,10D,73
68,104,34
57,111,30
56,10E,36
56,10C,1413
69,10D,72
68,104,29
57,111,28
56,10C,1417
70,10D,73
68,104,30
57,111,28
56,10B,60
56,10C,1420
69,10D,73
58,104,30
54,111,28
57,110,12
56,10C,1419
69,10D,73
56,104,30
58,111,28
55,10E,38
56,10C,1430
69,10D,73
56,104,31
56,111,28
76,10C,1422
75,10D,72
68,104,30
57,111,28
56,10B,58
56,10C,1433
74,10D,73
64,104,30
56,111,28
56,110,12
58,10C,1440
68,10D,73
56,104,30
57,111,28
56,10E,38
55,10C,1440
71,10D,73
55,104,29
57,111,28
56,10C,1437
70,10D,73
55,104,30
56,111,28
63,10B,58
56,10C,1447
69,10D,73
56,104,30
57,111,28
56,110,12
56,10C,1443
69,10D,73
56,104,30
56,111,29
59,10E,38
55,10C,1459
68,10D,73
56,104,32
57,111,28
55,10C,1456
70,10D,73
56,104,35
57,111,29
57,10B,64
55,10C,1474
69,10D,73
56,104,35
57,111,29
56,110,14
57,10C,1468
69,10D,73
55,104,36
57,111,29
56,10E,38
56,10C,1464
70,10D,73
55,104,35
56,111,29
58,10C,1461
67,10D,73
57,104,34
56,111,29
57,10B,67
57,10C,1466
68,10D,73
56,104,29
57,111,25
55,110,9
56,10C,1431
70,10D,73
56,104,10
57,111,20
56,10E,41
56,10C,1420
75,10D,73
56,104,11
57,111,21
56,10C,1416
69,10D,73
56,104,13
57,111,21
62,10B,25
56,10C,1346
69,10D,73
56,104,12
57,111,20
62,110,4
56,10C,1245
69,10D,72
71,104,12
55,111,20
55,10E,13
57,10C,1189
69,10D,72
56,104,11
58,111,20
55,10C,1278
71,10D,71
66,104,14
57,111,22
56,10B,27
70,10C,1387
75,10D,71
55,104,19
56,111,23
57,110,7
58,10C,1436
74,10D,71
55,104,19
58,111,24
55,10E,36
57,10C,1428
69,10D,70
69,104,20
55,111,24
57,10C,1435
68,10D,70
58,104,20
56,111,24
56,10B,35
56,10C,1425
68,10D,70
56,104,20
64,111,24
55,110,8
57,10C,1416
69,10D,70
56,104,20
56,111,24
57,10E,40
56,10C,1414
70,10D,70
55,104,21
57,111,24
59,10C,1407
71,10D,69
70,104,21
58,111,24
55,10B,38
55,10C,1400
69,10D,69
56,104,21
57,111,24
59,110,8
53,10C,1395
74,10D,69
58,104,21
56,111,24
58,10E,39
55,10C,1394
71,10D,69
54,104,21
57,111,24
57,10C,1383
67,10D,69
56,104,21
60,111,24
60,10B,40
57,10C,1388
68,10D,69
56,104,23
59,111,25
60,110,9
56,10C,1385
70,10D,69
56,104,22
57,111,25
55,10E,39
56,10C,1380
69,10D,69
56,104,22
57,111,23
62,10C,1369
70,10D,68
67,104,15
60,111,21
61,10B,33
55,10C,1328
69,10D,68
56,104,12
58,111,20
54,110,5
59,10C,1318
73,10D,68
56,104,12
59,111,20
54,10E,21
56,10C,1203
69,10D,68
57,104,11
56,111,19
62,10C,1054
75,10D,68
56,104,12
58,111,19
61,10B,26
56,10C,1072
69,10D,67
71,104,11
55,111,19
56,110,3
69,10C,1060
75,10D,66
70,104,11
55,111,19
62,10E,20
57,10C,1059
69,10D,66
56,104,11
57,111,19
56,10C,1058
68,10D,66
58,104,11
55,111,19
56,10B,25
57,10C,1100
75,10D,65
68,104,11
56,111,19
57,110,4
56,10C,1136
69,10D,65
64,104,11
54,111,20
58,10E,17
55,10C,1218
70,10D,64
68,104,12
57,111,20
56,10C,1220
69,10D,64
56,104,12
57,111,20
56,10B,25
56,10C,1219
70,10D,63
68,104,12
56,111,20
57,110,4
55,10C,1210
70,10D,62
68,104,12
57,111,20
56,10E,13
57,10C,1181
68,10D,61
68,104,12
57,111,20
59,10C,1162
73,10D,60
69,104,12
57,111,20
55,10B,26
56,10C,1144
69,10D,59
69,104,11
56,111,19
56,110,4
57,10C,1118
68,10D,57
69,104,11
56,111,19
56,10E,12
58,10C,1094
67,10D,56
70,104,12
56,111,19
59,10C,1074
74,10D,56
55,104,12
57,111,19
65,10B,26
53,10C,1054
70,10D,54
68,104,12
55,111,19
58,110,3
56,10C,957
69,10D,53
68,104,13
57,111,20
57,10E,22
55,10C,902
69,10D,52
68,104,15
57,111,20
57,10C,936
68,10D,51
69,104,13
57,111,18
57,10B,29
55,10C,995
69,10D,50
69,104,11
56,111,18
59,110,3
60,10C,988
68,10D,48
72,104,11
53,111,18
58,10E,16
68,10C,1019
75,10D,47
69,104,11
57,111,19
55,10C,1023
69,10D,46
70,104,11
55,111,19
56,10B,26
56,10C,1012
70,10D,45
69,104,12
56,111,19
56,110,3
58,10C,1009
67,10D,44
69,104,11
56,111,19
62,10E,19
58,10C,979
81,10D,43
68,104,13
57,111,19
57,10C,977
68,10D,42
69,104,12
57,111,19
56,10B,28
55,10C,973
73,10D,41
65,104,13
57,111,19
56,110,3
55,10C,984
70,10D,40
69,104,11
56,111,18
56,10E,16
57,10C,953
68,10D,39
70,104,11
55,111,18
56,10C,954
69,10D,37
70,104,11
56,111,19
56,10B,27
57,10C,1060
68,10D,36
70,104,11
55,111,19
56,110,4
57,10C,1080
69,10D,35
69,104,12
58,111,19
60,10E,16
57,10C,1044
69,10D,34
68,104,12
57,111,19
56,10C,1011
71,10D,33
66,104,13
56,111,20
58,10B,28
58,10C,960
74,10D,32
68,104,14
56,111,20
62,110,4
57,10C,967
68,10D,31
70,104,15
56,111,20
55,10E,18
62,10C,998
73,10D,30
66,104,15
59,111,20
60,10C,983
69,10D,28
70,104,14
56,111,20
56,10B,31
55,10C,964
70,10D,27
68,104,14
57,111,20
56,110,4
57,10C,941
68,10D,26
69,104,14
56,111,19
57,10E,17
56,10C,878
71,10D,24
66,104,14
58,111,19
54,10C,830
88,10D,23
70,104,15
55,111,19
60,10B,32
53,10C,778
70,10D,20
68,104,16
58,111,19
55,110,4
56,10C,714
69,10D,19
69,104,17
56,111,19
62,10E,16
59,10C,667
74,10D,17
68,104,21
58,111,21
62,10C,639
67,10D,15
75,104,26
56,111,21
57,10B,44
56,10C,653
69,10D,14
68,104,25
57,111,21
57,110,5
56,10C,682
69,10D,13
68,104,25
57,111,21
56,10E,-1
56,10C,678
69,10D,12
70,104,25
55,111,21
56,10C,675
69,10D,12
56,104,25
56,111,21
58,10B,48
55,10C,699
69,10D,12
56,104,24
56,111,21
57,110,5
57,10C,754
69,10D,12
56,104,23
55,111,21
57,10E,2
56,10C,791
70,10D,11
68,104,22
56,111,21
58,10C,825
67,10D,12
69,104,21
56,111,21
57,10B,45
58,10C,850
67,10D,11
69,104,19
57,111,21
56,110,5
56,10C,963
69,10D,11
56,104,18
56,111,22
57,10E,28
62,10C,1169
70,10D,11
55,104,18
56,111,22
57,10C,1143
69,10D,12
68,104,19
56,111,23
57,10B,37
58,10C,1152
69,10D,12
55,104,20
57,111,23
63,110,7
55,10C,1173
69,10D,12
56,104,22
56,111,24
57,10E,28
56,10C,1204
68,10D,12
57,104,23
57,111,24
55,10C,1235
73,10D,12
60,104,23
56,111,24
56,10B,42
55,10C,1276
71,10D,13
87,104,23
66,111,25
58,110,9
56,10C,1311
69,10D,14
70,104,23
55,111,25
57,10E,38
56,10C,1355
70,10D,14
57,104,24
55,111,25
55,10C,1380
70,10D,14
56,104,25
56,111,26
59,10B,44
54,10C,1436
72,10D,15
72,104,25
56,111,26
57,110,10
56,10C,1464
69,10D,15
55,104,26
60,111,26
59,10E,40
57,10C,1514
69,10D,16
69,104,26
56,111,26
56,10C,1557
71,10D,16
54,104,27
59,111,27
54,10B,46
56,10C,1598
69,10D,17
74,104,27
52,111,27
56,110,12
55,10C,1641
69,10D,17
57,104,27
58,111,27
54,10E,42
59,10C,1689
68,10D,18
70,104,27
54,111,27
56,10C,1738
69,10D,18
56,104,27
56,111,28
59,10B,45
54,10C,1766
73,10D,19
64,104,25
62,111,28
59,110,13
55,10C,1809
69,10D,19
56,104,27
57,111,28
56,10E,42
56,10C,1830
69,10D,20
72,104,25
72,111,28
56,10C,1898
70,10D,20
54,104,26
58,111,28
56,10B,40
56,10C,1925
69,10D,21
69,104,26
56,111,28
59,110,13
54,10C,1954
70,10D,21
55,104,23
56,111,28
56,10E,43
58,10C,1953
67,10D,21
56,104,24
57,111,28
56,10C,1934
69,10D,22
71,104,23
55,111,27
57,10B,36
55,10C,1674
69,10D,22
56,104,25
63,111,26
57,110,10
55,10C,1337
87,10D,22
59,104,25
55,111,25
56,10E,38
56,10C,1377
72,10D,22
53,104,20
59,111,23
62,10C,1341
75,10D,22
54,104,14
58,111,20
55,10B,31
56,10C,1298
69,10D,22
57,104,11
56,111,20
56,110,4
56,10C,1232
75,10D,22
58,104,12
55,111,19
57,10E,17
55,10C,1015
71,10D,22
55,104,13
58,111,19
54,10C,994
70,10D,22
55,104,12
58,111,18
54,10B,27
59,10C,941
67,10D,21
69,104,13
56,111,19
57,110,4
56,10C,984
76,10D,21
56,104,14
55,111,21
58,10E,33
55,10C,1149
69,10D,21
56,104,14
56,111,21
57,10C,1212
68,10D,20
70,104,17
56,111,21
56,10B,30
57,10C,1224
68,10D,20
57,104,16
56,111,21
57,110,6
56,10C,1199
68,10D,21
69,104,15
56,111,21
58,10E,34
61,10C,1200
70,10D,20
68,104,16
57,111,21
56,10C,1206
68,10D,20
57,104,16
62,111,21
58,10B,31
55,10C,1204
69,10D,20
56,104,16
56,111,21
56,110,5
58,10C,1191
67,10D,20
58,104,15
56,111,21
56,10E,34
56,10C,1188
68,10D,20
57,104,16
56,111,21
57,10C,1194
75,10D,20
56,104,16
58,111,21
55,10B,31
56,10C,1179
75,10D,20
57,104,15
56,111,21
56,110,5
56,10C,1172
69,10D,20
56,104,17
57,111,21
56,10E,33
56,10C,1178
87,10D,20
58,104,18
55,111,23
56,10C,1197
70,10D,20
56,104,19
56,111,23
57,10B,36
56,10C,1210
69,10D,20
56,104,19
57,111,23
56,110,7
56,10C,1209
69,10D,20
57,104,20
56,111,23
56,10E,37
62,10C,1222
69,10D,20
56,104,20
57,111,23
56,10C,1231
68,10D,20
57,104,17
56,111,20
56,10B,34
57,10C,1202
68,10D,20
56,104,11
58,111,19
55,110,4
57,10C,1107
75,10D,19
69,104,12
56,111,19
57,10E,23
56,10C,1006
69,10D,20
68,104,12
57,111,18
56,10C,971
69,10D,19
69,104,12
56,111,18
56,10B,27
57,10C,927
68,10D,19
57,104,12
56,111,19
56,110,3
57,10C,905
68,10D,19
57,104,14
57,111,19
55,10E,19
57,10C,894
68,10D,18
70,104,13
55,111,19
57,10C,868
69,10D,18
56,104,14
56,111,19
57,10B,30
55,10C,845
70,10D,17
70,104,15
61,111,19
56,110,3
57,10C,848
68,10D,17
57,104,16
58,111,19
54,10E,15
58,10C,856
67,10D,17
57,104,15
56,111,19
57,10C,840
68,10D,17
57,104,15
56,111,19
56,10B,33
56,10C,839
71,10D,17
55,104,16
59,111,19
60,110,4
56,10C,837
69,10D,16
68,104,15
57,111,19
56,10E,12
57,10C,850
68,10D,16
56,104,15
56,111,19
57,10C,825
68,10D,16
76,104,16
57,111,20
56,10B,34
56,10C,824
69,10D,16
58,104,16
54,111,20
57,110,4
56,10C,833
72,10D,16
53,104,17
57,111,20
56,10E,17
58,10C,837
76,10D,15
66,104,18
59,111,20
60,10C,856
75,10D,14
68,104,18
58,111,20
55,10B,36
59,10C,853
75,10D,14
53,104,17
58,111,20
55,110,5
60,10C,845
73,10D,13
68,104,18
57,111,20
55,10E,11
58,10C,861
67,10D,12
72,104,18
53,111,20
58,10C,850
67,10D,12
57,104,18
56,111,20
62,10B,37
59,10C,831
66,10D,11
71,104,18
55,111,20
58,110,4
55,10C,831
68,10D,10
69,104,18
56,111,20
57,10E,9
57,10C,824
68,10D,9
68,104,18
58,111,20
58,10C,814
74,10D,9
55,104,18
56,111,20
57,10B,38
57,10C,791
68,10D,8
68,104,17
56,111,20
63,110,4
56,10C,763
70,10D,7
69,104,18
56,111,20
62,10E,12
61,10C,751
71,10D,6
68,104,20
59,111,20
61,10C,719
69,10D,5
69,104,24
55,111,21
57,10B,44
56,10C,704
69,10D,4
68,104,26
57,111,21
56,110,5
56,10C,720
69,10D,3
68,104,25
57,111,21
57,10E,2
55,10C,759
71,10D,2
68,104,23
56,111,21
56,10C,763
74,10D,1
63,104,24
57,111,21
56,10B,47
56,10C,755
69,10D,0
70,104,23
56,111,21
55,110,5
76,10C,737
75,10D,0
56,104,23
64,111,21
55,10E,2
56,10C,732
69,10D,0
56,104,21
56,111,21
57,10C,734
69,10D,0
57,104,22
56,111,21
55,10B,45
58,10C,701
68,10D,0
57,104,23
56,111,20
62,110,4
60,10C,708
71,10D,0
57,104,21
56,111,21
56,10E,5
59,10C,699
74,10D,0
57,104,23
54,111,20
57,10C,732
68,10D,0
58,104,20
56,111,20
56,10B,42
55,10C,686
71,10D,0
54,104,21
58,111,20
55,110,4
58,10C,684
68,10D,0
57,104,22
55,111,20
57,10E,6
56,10C,680
69,10D,0
58,104,20
54,111,20
63,10C,694
68,10D,0
57,104,21
58,111,21
61,10B,43
57,10C,741
67,10D,0
57,104,21
57,111,21
56,110,5
57,10C,785
67,10D,0
57,104,21
57,111,21
62,10E,7
56,10C,765
69,10D,1
70,104,22
55,111,21
57,10C,757
68,10D,1
57,104,22
66,111,21
59,10B,44
57,10C,760
67,10D,1
57,104,21
60,111,21
60,110,5
56,10C,770
75,10D,2
68,104,20
57,111,21
56,10E,5
56,10C,777
70,10D,2
55,104,20
56,111,20
57,10C,753
68,10D,2
57,104,20
58,111,20
61,10B,41
56,10C,771
69,10D,3
69,104,20
56,111,20
57,110,4
56,10C,750
69,10D,3
56,104,20
56,111,20
57,10E,5
56,10C,726
69,10D,3
56,104,18
60,111,20
78,10C,710
75,10D,4
69,104,19
56,111,20
56,10B,41
56,10C,700
69,10D,3
69,104,20
56,111,20
56,110,4
60,10C,702
72,10D,3
57,104,19
58,111,20
54,10E,9
58,10C,698
67,10D,2
69,104,20
56,111,20
61,10C,684
70,10D,2
57,104,20
58,111,20
62,10B,42
55,10C,689
70,10D,1
68,104,18
61,111,20
58,110,4
56,10C,696
69,10D,0
68,104,21
57,111,20
56,10E,9
59,10C,686
76,10D,0
52,104,21
58,111,20
55,10C,694
71,10D,0
55,104,20
57,111,20
55,10B,43
58,10C,701
67,10D,0
58,104,20
55,111,20
59,110,4
54,10C,701
69,10D,0
56,104,20
58,111,20
54,10E,7
57,10C,697
68,10D,0
58,104,20
55,111,20
56,10C,695
69,10D,0
56,104,20
56,111,20
64,10B,43
55,10C,663
69,10D,0
57,104,22
55,111,20
59,110,4
54,10C,681
77,10D,0
61,104,21
58,111,20
55,10E,-4
57,10C,700
68,10D,0
56,104,21
58,111,20
61,10C,690
75,10D,0
58,104,21
55,111,20
62,10B,44
58,10C,685
68,10D,0
57,104,21
55,111,20
57,110,4
57,10C,674
74,10D,0
56,104,21
56,111,20
58,10E,-3
55,10C,668
71,10D,0
54,104,19
56,111,20
57,10C,686
68,10D,0
58,104,20
56,111,20
55,10B,43
57,10C,693
68,10D,0
58,104,17
55,111,20
58,110,3
74,10C,700
76,10D,0
55,104,18
56,111,19
57,10E,1
56,10C,695
69,10D,0
58,104,18
55,111,19
56,10C,691
68,10D,0
56,104,18
57,111,19
57,10B,39
55,10C,679
76,10D,0
58,104,17
54,111,19
57,110,3
55,10C,684
70,10D,0
56,104,17
57,111,19
56,10E,5
56,10C,674
69,10D,0
56,104,16
57,111,19
62,10C,680
69,10D,0
56,104,17
57,111,19
56,10B,38
56,10C,686
69,10D,0
56,104,18
57,111,19
57,110,3
55,10C,676
69,10D,0
57,104,16
55,111,19
57,10E,4
57,10C,673
68,10D,0
58,104,17
55,111,19
55,10C,680
71,10D,0
55,104,18
57,111,19
57,10B,38
55,10C,667
69,10D,0
57,104,17
56,111,19
56,110,3
56,10C,653
69,10D,0
56,104,17
56,111,19
63,10E,6
58,10C,656
67,10D,0
58,104,18
54,111,19
57,10C,655
74,10D,0
58,104,17
56,111,19
56,10B,38
56,10C,672
69,10D,0
57,104,18
56,111,19
56,110,4
57,10C,681
74,10D,0
57,104,18
56,111,19
56,10E,5
57,10C,680
68,10D,0
57,104,17
57,111,19
55,10C,688
71,10D,0
54,104,18
57,111,19
56,10B,39
57,10C,683
68,10D,0
56,104,18
56,111,20
58,110,4
55,10C,677
70,10D,0
55,104,19
56,111,20
57,10E,2
58,10C,683
68,10D,0
56,104,18
56,111,20
76,10C,681
74,10D,0
56,104,19
56,111,20
60,10B,40
53,10C,677
71,10D,0
54,104,19
56,111,20
57,110,4
56,10C,659
69,10D,0
57,104,18
55,111,20
56,10E,3
59,10C,679
73,10D,0
57,104,18
56,111,20
63,10C,680
74,10D,0
57,104,18
57,111,20
55,10B,40
57,10C,664
68,10D,0
58,104,18
56,111,20
55,110,4
57,10C,679
68,10D,0
56,104,18
57,111,20
59,10E,2
53,10C,679
73,10D,0
53,104,18
57,111,20
56,10C,686
75,10D,0
56,104,18
56,111,20
57,10B,40
56,10C,687
69,10D,0
56,104,19
58,111,20
55,110,3
56,10C,678
69,10D,0
57,104,19
55,111,20
58,10E,2
55,10C,673
70,10D,0
56,104,18
56,111,20
55,10C,680
70,10D,0
55,104,19
60,111,20
60,10B,40
55,10C,679
70,10D,0
56,104,19
58,111,20
55,110,4
62,10C,698
69,10D,0
56,104,19
59,111,20
54,10E,1
56,10C,686
69,10D,0
56,104,20
57,111,20
58,10C,686
75,10D,0
54,104,19
57,111,20
56,10B,40
57,10C,688
69,10D,0
58,104,19
54,111,20
63,110,4
56,10C,682
69,10D,0
57,104,18
55,111,20
58,10E,2
55,10C,687
75,10D,0
59,104,18
53,111,20
63,10C,687
75,10D,0
57,104,18
56,111,20
63,10B,40
55,10C,680
70,10D,0
57,104,18
55,111,20
57,110,4
74,10C,675
76,10D,0
55,104,19
58,111,20
55,10E,2
56,10C,684
70,10D,0
55,104,18
57,111,20
56,10C,682
68,10D,0
61,104,18
53,111,20
63,10B,40
56,10C,686
69,10D,0
57,104,18
55,111,20
56,110,4
57,10C,659
68,10D,0
57,104,18
58,111,20
61,10E,3
56,10C,652
68,10D,0
58,104,19
55,111,20
56,10C,668
70,10D,0
55,104,18
57,111,20
57,10B,40
56,10C,692
69,10D,0
56,104,18
56,111,20
56,110,4
56,10C,684
70,10D,0
56,104,18
56,111,19
57,10E,5
55,10C,672
70,10D,0
56,104,18
56,111,19
59,10C,664
74,10D,0
55,104,18
56,111,20
56,10B,39
57,10C,676
68,10D,0
58,104,18
55,111,20
57,110,4
56,10C,682
68,10D,0
58,104,17
58,111,19
59,10E,4
58,10C,694
67,10D,0
58,104,18
62,111,19
56,10C,687
69,10D,0
56,104,19
58,111,19
62,10B,39
56,10C,688
69,10D,0
55,104,18
57,111,19
58,110,4
54,10C,684
70,10D,0
56,104,19
56,111,19
56,10E,2
56,10C,680
69,10D,0
56,104,18
57,111,19
56,10C,677
69,10D,0
56,104,19
57,111,19
57,10B,40
55,10C,672
75,10D,0
57,104,19
56,111,19
57,110,4
56,10C,676
68,10D,0
57,104,19
57,111,20
55,10E,2
58,10C,692
67,10D,0
59,104,18
55,111,20
74,10C,678
75,10D,0
57,104,19
56,111,20
56,10B,41
57,10C,675
74,10D,0
57,104,18
56,111,20
57,110,4
56,10C,672
73,10D,0
58,104,18
63,111,20
56,10E,1
56,10C,682
69,10D,0
56,104,18
57,111,20
56,10C,687
69,10D,0
57,104,18
56,111,19
55,10B,40
57,10C,688
69,10D,0
56,104,18
58,111,19
55,110,3
56,10C,684
69,10D,0
56,104,18
56,111,19
63,10E,4
56,10C,673
69,10D,0
56,104,18
56,111,19
57,10C,670
68,10D,0
57,104,19
56,111,19
59,10B,41
54,10C,679
69,10D,0
57,104,18
55,111,19
56,110,4
57,10C,683
69,10D,0
57,104,18
56,111,19
56,10E,1
55,10C,682
70,10D,0
56,104,18
57,111,19
56,10C,674
69,10D,0
56,104,18
58,111,19
61,10B,40
56,10C,691
70,10D,0
55,104,17
64,111,19
61,110,3
57,10C,678
68,10D,0
57,104,17
56,111,19
59,10E,3
54,10C,676
70,10D,0
55,104,18
57,111,19
56,10C,681
69,10D,0
56,104,18
56,111,19
56,10B,39
58,10C,676
67,10D,0
58,104,18
55,111,19
58,110,3
55,10C,677
68,10D,0
57,104,18
56,111,19
56,10E,3
57,10C,676
68,10D,0
56,104,18
57,111,19
57,10C,681
68,10D,0
58,104,18
54,111,19
57,10B,39
58,10C,671
74,10D,0
57,104,18
55,111,19
57,110,3
74,10C,680
75,10D,0
57,104,18
58,111,19
54,10E,3
56,10C,665
69,10D,0
56,104,18
58,111,20
56,10C,679
69,10D,0
62,104,20
57,111,20
56,10B,42
56,10C,685
69,10D,0
56,104,19
56,111,20
64,110,4
57,10C,692
75,10D,0
54,104,19
56,111,20
57,10E,2
56,10C,691
69,10D,0
57,104,18
55,111,20
57,10C,684
68,10D,0
58,104,17
56,111,19
62,10B,41
56,10C,685
69,10D,0
57,104,18
56,111,19
57,110,3
56,10C,706
68,10D,0
57,104,17
56,111,19
56,10E,3
57,10C,703
68,10D,0
56,104,16
57,111,20
56,10C,678
69,10D,0
56,104,21
56,111,20
63,10B,42
56,10C,671
70,10D,0
56,104,21
55,111,20
57,110,4
56,10C,709
70,10D,0
56,104,21
56,111,20
57,10E,2
55,10C,653
77,10D,0
55,104,21
56,111,21
58,10C,677
67,10D,0
57,104,21
58,111,20
60,10B,43
58,10C,676
67,10D,0
57,104,20
58,111,20
54,110,4
57,10C,655
69,10D,0
56,104,20
56,111,20
57,10E,-2
55,10C,654
70,10D,0
56,104,21
56,111,20
57,10C,653
69,10D,0
56,104,22
56,111,20
57,10B,44
56,10C,659
68,10D,0
57,104,21
56,111,20
56,110,4
57,10C,648
68,10D,0
57,104,21
56,111,20
56,10E,-4
58,10C,677
67,10D,0
59,104,22
54,111,20
75,10C,680
75,10D,0
57,104,21
56,111,20
56,10B,43
57,10C,686
69,10D,0
56,104,20
56,111,20
56,110,4
57,10C,692
76,10D,0
55,104,19
57,111,20
55,10E,0
59,10C,686
66,10D,0
61,104,19
52,111,20
57,10C,673
68,10D,0
56,104,19
56,111,20
59,10B,45
54,10C,701
71,10D,0
55,104,18
56,111,20
57,110,4
61,10C,714
70,10D,0
56,104,16
56,111,19
57,10E,-2
57,10C,714
68,10D,0
56,104,15
56,111,19
57,10C,706
68,10D,0
57,104,16
56,111,18
62,10B,40
58,10C,712
68,10D,0
57,104,15
56,111,18
56,110,3
56,10C,690
75,10D,0
57,104,15
56,111,18
56,10E,4
57,10C,691
72,10D,0
52,104,15
57,111,18
56,10C,687
76,10D,0
58,104,16
54,111,18
62,10B,37
62,10C,679
72,10D,0
53,104,16
57,111,18
57,110,3
56,10C,720
69,10D,0
58,104,0
54,111,16
56,10E,19
56,10C,380
70,10D,0
56,104,0
59,111,16
60,10C,202
69,10D,0
56,104,0
56,111,16
57,10B,54
56,10C,0
68,10D,0
57,104,0
56,111,24
56,110,0
59,10C,0
72,10D,0
57,104,0
56,111,24
56,10E,17
58,10C,0
67,10D,0
58,104,0
55,111,24
64,10C,0
68,10D,0
56,104,0
58,111,24
55,10B,97
56,10C,0
69,10D,0
56,104,0
57,111,32
62,110,0
76,10C,0
75,10D,0
56,104,0
56,111,32
63,10E,17
56,10C,0
69,10D,0
56,104,0
56,111,32
63,10C,0
75,10D,0
62,104,0
58,111,32
57,10B,97
61,10C,0
75,10D,0
56,104,0
57,111,32
62,110,0
56,10C,0
69,10D,0
57,104,0
56,111,32
56,10E,17
56,10C,0
75,10D,0
57,104,0
56,111,32
62,10C,0
76,10D,0
58,104,0
54,111,32
56,10B,97
57,10C,0
69,10D,0
56,104,0
57,111,32
56,110,0
56,10C,0
69,10D,0
56,104,0
56,111,32
63,10E,17
56,10C,0
69,10D,0
56,104,0
56,111,32
63,10C,0
68,10D,0
57,104,0
56,111,32
56,10B,97
58,10C,0
68,10D,0
57,104,0
56,111,32
56,110,0
56,10C,0
69,10D,0
56,104,0
57,111,32
56,10E,17
56,10C,0
69,10D,0
56,104,0
57,111,32
62,10C,0
70,10D,0
55,104,0
56,111,32
57,10B,97
57,10C,0
68,10D,0
56,104,0
56,111,32
57,110,0
56,10C,0
75,10D,0
56,104,0
56,111,32
57,10E,17
57,10C,0
69,10D,0
57,104,0
61,111,32
57,10C,0
69,10D,0
56,104,0
56,111,32
62,10B,97
57,10C,0
68,10D,0
57,104,0
56,111,32
63,110,0
56,10C,0
69,10D,0
56,104,0
57,111,32
62,10E,17
56,10C,0
69,10D,0
57,104,0
56,111,32
63,10C,0
74,10D,0
57,104,0
56,111,32
62,10B,97
57,10C,0
94,10D,0
56,104,0
57,111,32
56,110,0
56,10C,0
75,10D,0
56,104,0
58,111,32
61,10E,17
56,10C,0
69,10D,0
62,104,0
59,111,32
54,10C,0
76,10D,0
56,104,0
56,111,32
63,10B,97
56,10C,0
69,10D,0
56,104,0
57,111,32
62,110,0
56,10C,0
69,10D,0
56,104,0
57,111,32
62,10E,17
56,10C,0
69,10D,0
56,104,0
57,111,32
57,10C,0
69,10D,0
56,104,0
56,111,32
55,10B,97
58,10C,0
68,10D,0
57,104,0
56,111,32
56,110,0
57,10C,0
68,10D,0
57,104,0
56,111,32
62,10E,17
57,10C,0
68,10D,0
57,104,0
56,111,32
62,10C,0
75,10D,0
57,104,0
56,111,32
63,10B,97
56,10C,0
69,10D,0
57,104,0
56,111,32
62,110,0
57,10C,0
68,10D,0
57,104,0
56,111,32
62,10E,17
63,10C,0
68,10D,0
58,104,0
57,111,32
61,10C,0
69,10D,0
57,104,0
56,111,32
56,10B,97
56,10C,0
69,10D,0
56,104,0
57,111,32
56,110,0
59,10C,0
72,10D,0
56,104,0
57,111,32
56,10E,17
58,10C,0
76,10D,0
53,104,0
57,111,32
56,10C,0
70,10D,0
55,104,0
58,111,32
55,10B,97
57,10C,0
69,10D,0
56,104,0
56,111,32
63,110,0
56,10C,0
69,10D,0
56,104,0
56,111,32
57,10E,17
56,10C,0
69,10D,255
68,104,0
56,111,32
57,10C,0
68,10D,255
